school;sex;age;address;famsize;Pstatus;Medu;Fedu;Mjob;Fjob;reason;guardian;traveltime;studytime;failures;schoolsup;famsup;activities;higher;internet;romantic;famrel;freetime;goout;Dalc;Walc;health;absences;G1;G2;G3;first_year_cgpa
GP;M;16;R;GT3;A;3;0;health;health;reputation;mother;1;2;2;no;yes;yes;yes;yes;no;2;2;3;1;1;4;6;18;18;15;4.43
GP;M;16;R;GT3;A;4;3;services;health;reputation;father;1;3;0;no;no;no;yes;no;yes;5;3;4;1;2;4;0;13;13;14;3.23
MS;F;21;R;LE3;A;3;1;health;health;course;other;2;3;0;no;no;yes;yes;yes;no;4;3;2;2;4;5;8;16;16;17;3.89
GP;F;17;R;LE3;A;2;4;at_home;health;reputation;mother;4;1;1;no;no;yes;yes;yes;yes;5;3;3;1;1;3;1;17;17;16;4.29
GP;M;19;R;LE3;T;3;1;health;at_home;course;mother;1;2;0;no;no;yes;no;no;yes;3;2;3;4;4;2;8;10;10;11;2.6
GP;M;15;R;LE3;T;4;3;services;at_home;home;other;1;3;0;no;no;yes;yes;yes;yes;4;1;3;1;4;4;9;13;13;14;3.24
GP;M;17;R;LE3;T;4;3;other;teacher;home;mother;1;1;0;no;no;yes;yes;yes;no;4;5;2;2;5;3;10;15;15;14;3.73
GP;F;16;U;LE3;A;2;2;other;other;home;mother;4;1;4;no;yes;no;yes;yes;yes;3;3;4;3;2;3;7;17;17;11;4.2
GP;M;15;R;LE3;T;1;0;other;health;course;father;1;3;0;no;no;yes;yes;yes;yes;1;4;3;1;3;3;0;17;17;18;4.25
MS;F;15;U;GT3;T;4;2;services;other;reputation;father;3;1;1;no;yes;yes;yes;yes;yes;4;4;5;5;3;4;0;16;16;15;4.0
MS;M;17;R;LE3;T;3;4;teacher;services;course;father;4;1;0;no;yes;no;yes;yes;yes;3;2;1;2;2;5;3;14;14;14;3.62
MS;F;19;R;LE3;T;4;4;teacher;health;reputation;father;1;3;0;no;yes;no;yes;no;no;4;3;4;1;4;5;5;14;14;15;3.61
GP;F;15;U;LE3;A;2;2;at_home;teacher;course;father;2;3;2;no;yes;yes;no;yes;no;3;4;3;2;5;1;7;11;11;9;2.78
MS;F;16;R;GT3;T;3;3;other;at_home;course;mother;2;2;0;no;no;no;yes;yes;no;3;3;4;2;2;4;2;14;14;14;3.51
GP;F;15;U;LE3;A;1;4;teacher;other;home;mother;2;1;0;no;no;no;yes;yes;no;5;4;3;2;3;2;0;18;18;18;4.48
GP;F;17;U;GT3;A;4;4;services;other;home;mother;1;2;0;no;no;yes;yes;yes;yes;5;3;3;2;4;4;0;12;12;12;2.91
GP;F;19;U;GT3;A;3;0;at_home;teacher;reputation;father;2;2;0;no;no;yes;yes;no;yes;5;1;3;2;3;2;0;12;12;14;3.11
MS;F;16;U;GT3;T;4;4;other;teacher;reputation;mother;2;4;2;no;yes;yes;yes;yes;yes;4;3;3;2;1;3;3;15;15;13;3.71
MS;F;15;U;LE3;T;4;1;teacher;services;course;other;3;1;0;no;yes;no;no;yes;no;3;2;4;2;3;4;6;14;14;15;3.6
MS;F;18;R;GT3;A;3;3;health;teacher;reputation;father;1;1;0;no;no;yes;yes;yes;no;3;2;2;1;2;4;5;9;9;8;2.13
GP;M;17;R;LE3;A;2;2;health;services;course;other;2;2;0;no;no;yes;yes;yes;no;4;3;3;3;2;2;0;13;13;14;3.35
GP;M;17;R;LE3;A;4;3;health;services;home;other;2;2;0;no;no;no;yes;yes;yes;3;2;4;2;1;3;0;13;13;14;3.36
GP;F;15;U;LE3;T;4;3;other;at_home;course;other;3;3;2;yes;yes;no;yes;yes;no;4;3;4;1;2;3;13;17;17;15;4.3
MS;F;15;U;LE3;A;3;2;services;at_home;home;other;1;3;0;no;no;yes;yes;no;yes;4;4;2;2;3;5;3;16;16;17;4.07
MS;F;17;R;LE3;T;2;3;health;other;course;mother;4;2;0;yes;no;no;yes;yes;yes;3;4;5;2;2;1;14;10;10;10;2.59
MS;M;17;R;LE3;A;4;1;services;services;home;father;3;2;0;no;yes;yes;yes;no;no;5;3;2;1;3;3;5;9;9;10;2.27
GP;F;17;U;LE3;A;2;1;services;other;course;father;2;2;0;yes;no;no;yes;yes;no;4;4;2;4;2;4;5;9;9;10;2.32
MS;M;16;R;GT3;A;2;3;services;other;course;father;2;2;0;no;no;no;yes;yes;yes;5;3;4;3;1;5;4;4;4;4;1.09
GP;F;16;U;LE3;A;4;1;health;teacher;reputation;father;1;2;0;no;no;yes;no;yes;yes;5;5;2;1;5;3;8;11;11;12;2.73
GP;F;17;U;GT3;T;4;4;teacher;services;home;father;2;3;0;yes;no;no;yes;yes;yes;4;5;5;3;4;3;11;16;16;17;4.11
MS;F;16;R;GT3;A;2;2;services;health;reputation;father;1;3;0;no;no;yes;yes;yes;no;4;4;4;1;2;3;6;15;15;16;3.69
GP;F;19;U;LE3;T;3;4;services;at_home;home;other;2;2;1;yes;yes;no;yes;yes;yes;3;3;5;2;3;5;4;11;11;10;2.79
GP;F;17;R;LE3;A;4;2;teacher;services;course;mother;2;2;0;no;no;no;yes;no;no;4;3;4;1;1;5;8;18;18;19;4.47
MS;M;15;U;LE3;T;4;4;at_home;at_home;reputation;other;3;1;0;yes;no;no;yes;yes;yes;5;5;3;2;4;2;9;15;15;15;3.86
MS;M;16;U;LE3;T;4;3;services;health;home;other;1;3;1;no;yes;yes;yes;yes;yes;3;5;3;1;1;3;0;9;9;10;2.2
MS;M;19;U;GT3;T;4;1;teacher;at_home;reputation;father;2;3;0;no;yes;yes;yes;yes;no;3;5;2;5;5;4;2;13;13;14;3.19
MS;F;18;R;GT3;A;3;4;teacher;teacher;course;other;3;1;0;no;yes;yes;yes;yes;no;5;5;1;1;2;3;7;8;8;8;1.92
GP;F;15;U;GT3;A;3;1;at_home;teacher;reputation;other;1;2;0;no;yes;no;yes;yes;yes;2;2;4;1;3;3;6;13;13;12;3.21
MS;F;18;R;LE3;T;1;2;health;other;course;father;1;3;0;no;yes;no;yes;yes;yes;3;3;3;1;2;2;0;16;16;18;4.02
MS;M;18;U;GT3;A;3;1;teacher;services;course;other;2;2;0;yes;no;yes;yes;yes;yes;4;4;3;3;2;3;5;10;10;11;2.55
MS;M;17;R;LE3;A;2;4;other;at_home;course;father;2;1;1;yes;no;no;yes;yes;no;3;3;3;1;2;4;9;20;20;17;4.92
GP;M;16;R;GT3;T;1;0;health;teacher;home;father;1;2;0;no;yes;no;yes;no;yes;5;3;3;4;1;4;10;12;12;13;3.09
MS;F;16;R;LE3;T;1;3;services;services;home;other;3;2;2;no;yes;yes;yes;no;no;4;2;3;2;2;3;5;8;8;7;2.12
GP;F;18;R;LE3;A;3;3;services;services;reputation;father;3;3;0;no;yes;yes;yes;yes;no;5;2;4;2;1;5;7;11;11;12;2.87
MS;M;21;U;GT3;A;1;1;teacher;services;reputation;mother;4;3;2;no;no;no;yes;yes;no;5;4;3;1;2;4;2;18;18;16;4.4
GP;F;16;U;GT3;A;1;4;health;at_home;course;father;3;1;1;no;no;no;yes;yes;yes;4;4;3;2;3;3;10;12;12;9;2.96
GP;M;16;R;LE3;T;3;2;services;at_home;course;mother;3;3;2;no;yes;no;yes;yes;yes;5;4;4;1;1;3;0;14;14;12;3.56
GP;F;15;R;LE3;T;4;4;teacher;services;home;mother;2;4;0;no;no;yes;yes;yes;yes;3;4;3;1;1;3;0;16;16;18;3.99
MS;M;17;U;GT3;A;4;1;teacher;at_home;reputation;father;2;1;0;no;no;no;yes;yes;yes;5;3;1;1;2;4;5;17;17;17;4.3
MS;M;19;R;LE3;T;2;3;health;teacher;reputation;father;2;2;1;no;no;no;yes;no;no;3;3;4;1;2;4;13;18;18;16;4.42
MS;M;19;R;LE3;A;0;3;services;teacher;home;father;2;2;0;no;no;yes;yes;yes;no;4;2;4;1;2;4;6;13;13;13;3.13
GP;F;19;U;LE3;T;3;2;health;services;reputation;father;3;3;0;no;yes;no;yes;yes;yes;5;2;3;1;5;3;7;10;10;10;2.56
MS;M;17;U;LE3;T;3;4;at_home;health;course;father;4;2;0;no;no;yes;yes;yes;no;4;3;2;1;1;3;5;10;10;10;2.39
GP;M;17;U;GT3;A;3;3;at_home;other;reputation;father;3;2;0;no;yes;no;yes;yes;yes;4;4;2;2;1;3;4;10;10;11;2.59
MS;M;16;R;LE3;A;4;3;health;services;course;other;1;2;1;no;yes;yes;yes;yes;yes;4;2;2;1;5;5;2;11;11;10;2.72
MS;F;15;U;GT3;A;1;3;at_home;teacher;course;mother;1;4;2;no;no;yes;yes;no;no;1;3;3;3;1;3;0;16;16;15;3.97
GP;F;21;R;LE3;T;3;2;at_home;other;reputation;father;3;1;0;no;no;yes;yes;yes;yes;3;3;2;3;2;5;8;11;11;11;2.83
GP;F;16;U;LE3;A;1;2;other;services;home;father;2;2;0;no;no;yes;yes;no;yes;1;1;2;1;2;2;0;11;11;12;2.83
MS;F;15;R;GT3;A;1;1;at_home;teacher;reputation;father;2;2;0;no;no;no;yes;yes;no;4;3;2;1;1;3;12;13;13;13;3.23
GP;M;19;U;LE3;A;4;3;services;at_home;home;father;2;3;0;no;no;no;yes;yes;no;5;2;3;3;3;1;2;16;16;17;3.93
GP;F;18;R;LE3;A;4;3;services;health;course;other;2;1;1;no;no;yes;yes;no;no;4;4;4;1;1;3;7;15;15;13;3.66
GP;M;20;R;GT3;T;3;4;teacher;other;course;other;1;3;0;no;yes;yes;yes;yes;yes;4;1;5;3;2;3;2;11;11;11;2.65
GP;M;18;U;GT3;T;3;0;teacher;at_home;reputation;mother;3;2;0;no;no;yes;yes;no;yes;4;2;5;4;2;4;4;12;12;13;2.98
MS;F;17;U;LE3;A;0;3;at_home;other;reputation;mother;2;1;0;no;yes;yes;yes;no;yes;5;2;2;2;2;5;3;13;13;13;3.28
MS;M;18;R;GT3;T;4;2;health;health;reputation;mother;2;4;0;no;no;yes;yes;yes;no;3;4;3;2;2;3;10;13;13;15;3.33
GP;M;19;R;GT3;T;3;4;health;other;reputation;mother;3;3;1;no;no;no;yes;yes;yes;4;3;5;2;2;4;0;15;15;14;3.69
MS;M;15;U;GT3;A;3;2;at_home;at_home;reputation;father;1;2;1;yes;yes;yes;no;yes;no;3;2;5;3;3;4;11;14;14;13;3.58
GP;M;16;R;LE3;T;1;4;health;teacher;home;other;1;2;3;no;yes;yes;yes;yes;yes;5;3;2;3;5;2;4;15;15;12;3.84
GP;M;18;R;GT3;T;3;2;services;at_home;course;father;2;1;0;no;no;no;yes;yes;yes;3;3;3;3;3;1;7;19;19;18;4.67
MS;M;16;U;LE3;A;2;1;at_home;other;course;mother;3;2;0;no;yes;yes;yes;yes;yes;5;3;3;1;2;2;9;16;16;16;3.97
MS;F;17;R;GT3;T;3;4;at_home;services;home;father;1;2;3;no;yes;yes;yes;yes;yes;2;5;3;5;2;5;6;13;13;9;3.27
MS;M;17;R;LE3;T;3;0;other;at_home;home;other;4;2;1;no;yes;no;yes;yes;yes;3;5;3;1;1;3;3;12;12;11;3.11
GP;F;15;R;LE3;A;4;0;health;teacher;home;other;1;3;0;yes;yes;no;yes;yes;no;2;5;5;1;1;2;5;13;13;14;3.32
GP;M;17;U;GT3;A;4;2;services;other;home;other;3;2;0;no;yes;no;yes;yes;yes;4;5;4;5;1;3;3;12;12;13;3.08
MS;F;20;R;LE3;T;4;3;other;services;home;mother;2;2;0;yes;yes;yes;yes;no;no;4;2;4;2;1;4;3;20;20;20;4.88
GP;M;18;R;LE3;A;3;3;health;at_home;reputation;father;1;2;0;no;yes;yes;yes;yes;no;4;2;3;3;2;5;12;13;13;13;3.15
GP;M;18;R;LE3;T;2;3;services;services;reputation;father;1;1;0;no;yes;no;yes;yes;no;2;1;3;1;2;3;10;15;15;13;3.69
GP;F;19;R;LE3;A;2;2;services;health;reputation;father;1;3;2;yes;no;yes;yes;yes;yes;4;3;4;1;2;3;0;10;10;9;2.61
GP;F;19;U;GT3;T;2;2;at_home;at_home;home;father;4;3;4;no;no;yes;yes;yes;no;3;4;4;3;1;2;0;18;18;14;4.52
MS;F;18;R;LE3;T;3;4;teacher;services;home;other;2;3;0;no;yes;yes;yes;yes;no;5;3;3;2;3;3;0;9;9;11;2.37
MS;F;16;U;GT3;T;2;2;teacher;teacher;reputation;other;1;3;0;no;yes;yes;yes;no;yes;3;3;4;4;1;5;3;12;12;13;2.93
GP;M;15;U;GT3;A;3;3;health;at_home;home;father;2;2;0;no;no;no;yes;yes;no;4;5;3;2;1;3;10;14;14;14;3.42
MS;F;17;U;GT3;T;3;3;other;health;reputation;father;1;2;1;yes;no;yes;yes;yes;no;4;3;2;1;2;4;0;18;18;17;4.4
GP;F;19;U;GT3;A;3;4;other;other;home;other;1;4;0;no;no;no;yes;yes;yes;3;3;2;2;3;3;6;13;13;15;3.33
MS;M;18;U;LE3;T;4;2;teacher;other;reputation;other;1;1;0;yes;yes;no;yes;no;no;5;2;4;1;1;4;0;15;15;15;3.82
GP;F;15;R;LE3;A;4;2;at_home;at_home;reputation;mother;2;2;0;no;yes;yes;yes;yes;no;5;3;3;3;1;5;0;15;15;16;3.67
MS;F;17;U;GT3;A;3;2;teacher;teacher;home;other;3;4;0;no;no;yes;yes;yes;yes;4;2;3;2;3;3;0;18;18;20;4.56
MS;F;17;U;GT3;T;1;4;teacher;teacher;home;father;1;2;3;no;yes;no;yes;yes;no;3;3;3;2;1;1;9;15;15;10;3.65
GP;M;22;R;GT3;T;0;3;health;at_home;course;other;2;3;0;no;yes;yes;yes;yes;yes;3;4;4;2;1;2;11;13;13;14;3.25
GP;M;15;R;GT3;T;4;1;health;at_home;reputation;mother;1;1;0;no;yes;no;no;yes;yes;3;4;3;3;1;4;10;16;16;15;4.12
MS;F;17;R;LE3;T;4;4;services;teacher;reputation;mother;2;1;1;yes;yes;yes;yes;yes;yes;4;1;1;4;3;3;9;10;10;8;2.6
GP;M;16;U;LE3;T;3;2;at_home;services;course;other;3;2;1;yes;no;yes;yes;no;yes;2;3;3;2;3;4;0;13;13;12;3.24
GP;M;16;U;LE3;T;2;3;health;teacher;reputation;father;2;3;0;no;yes;yes;yes;no;yes;3;3;1;2;1;5;4;12;12;13;2.95
MS;M;16;R;GT3;A;4;4;services;teacher;course;father;1;2;1;no;yes;yes;no;yes;no;3;3;3;1;2;5;13;16;16;13;3.96
MS;F;19;U;LE3;T;3;2;at_home;at_home;home;mother;2;2;1;yes;yes;yes;yes;yes;yes;3;3;3;4;3;3;0;14;14;13;3.51
MS;F;16;R;GT3;A;4;4;health;teacher;home;mother;3;2;0;no;yes;yes;no;yes;yes;5;3;3;1;1;4;4;13;13;14;3.26
MS;M;15;R;GT3;T;1;2;teacher;at_home;reputation;other;2;2;0;no;yes;no;yes;no;yes;4;4;2;3;1;4;9;15;15;15;3.75
MS;M;15;U;GT3;T;3;3;teacher;at_home;home;mother;3;1;1;no;no;no;yes;yes;no;5;3;2;1;3;1;0;19;19;18;4.69
GP;M;17;R;GT3;A;3;2;other;at_home;reputation;other;2;2;0;no;no;no;yes;yes;no;2;3;2;2;2;3;0;18;18;18;4.52
GP;F;19;R;LE3;T;1;2;health;other;reputation;other;2;1;1;no;yes;no;yes;yes;no;2;2;3;5;2;5;0;14;14;13;3.51
MS;M;15;U;LE3;T;4;3;teacher;other;reputation;mother;2;2;0;no;no;no;yes;yes;yes;3;1;5;1;1;5;11;20;20;20;5.0
MS;M;19;U;LE3;A;2;2;other;teacher;home;other;1;4;0;no;yes;no;yes;yes;yes;4;4;3;1;1;4;0;10;10;12;2.48
MS;M;15;R;GT3;A;4;1;services;other;reputation;mother;3;3;2;no;yes;yes;yes;no;yes;2;3;1;2;3;2;6;20;20;19;5.0
GP;F;20;U;LE3;T;3;3;services;health;home;father;2;1;0;yes;no;no;no;yes;no;2;5;3;1;4;1;5;12;12;12;3.09
MS;M;15;R;LE3;A;2;1;at_home;services;home;father;1;2;0;yes;no;yes;yes;yes;no;2;4;5;3;2;1;0;12;12;13;3.05
GP;F;21;R;LE3;A;2;4;teacher;other;course;other;3;2;1;no;yes;yes;yes;yes;yes;2;2;3;2;3;2;0;11;11;9;2.67
MS;F;15;U;GT3;T;4;2;at_home;health;home;other;2;4;0;yes;yes;no;yes;no;yes;2;3;4;2;1;2;7;15;15;16;3.72
GP;M;15;R;GT3;A;3;1;teacher;services;reputation;father;1;2;0;yes;no;yes;yes;yes;yes;3;2;3;1;2;3;2;15;15;15;3.78
MS;M;19;U;LE3;T;4;1;health;teacher;home;mother;2;2;1;no;no;yes;yes;no;yes;4;3;3;1;2;3;4;8;8;8;2.09
MS;M;18;U;LE3;T;2;4;health;health;reputation;other;2;2;0;no;yes;no;yes;yes;yes;1;3;2;1;2;4;8;12;12;12;3.09
MS;F;18;R;LE3;A;3;1;teacher;services;reputation;other;1;1;2;no;no;yes;yes;no;no;4;3;3;2;1;3;6;11;11;8;2.83
GP;M;16;R;LE3;A;3;4;services;other;reputation;mother;3;3;0;no;yes;yes;yes;no;no;3;2;1;1;4;2;4;16;16;16;3.89
GP;F;19;U;LE3;A;1;1;other;services;reputation;mother;3;2;1;no;yes;no;yes;yes;yes;3;3;2;1;2;2;8;9;9;7;2.19
GP;F;16;U;LE3;A;4;2;at_home;at_home;reputation;father;2;4;4;no;yes;no;yes;yes;yes;2;3;1;3;1;5;7;14;14;9;3.44
MS;F;21;U;GT3;A;3;4;services;health;home;father;1;3;0;yes;yes;no;yes;yes;yes;4;3;1;1;4;1;5;10;10;10;2.44
GP;F;15;R;LE3;T;2;0;teacher;services;reputation;other;1;2;1;no;no;no;yes;yes;yes;4;1;2;1;3;2;6;15;15;15;3.87
GP;M;18;U;GT3;T;2;4;teacher;other;home;other;2;2;0;no;no;yes;no;no;yes;4;2;3;3;4;4;1;12;12;12;2.92
MS;F;15;U;GT3;A;3;4;health;teacher;reputation;father;4;2;1;no;no;yes;yes;yes;no;5;5;4;3;2;1;5;12;12;10;2.92
GP;F;18;R;LE3;A;3;2;at_home;teacher;home;father;2;2;1;no;yes;no;yes;no;yes;5;3;3;3;1;2;7;12;12;12;3.02
MS;F;15;U;LE3;A;4;3;services;health;reputation;father;1;2;1;no;yes;yes;no;yes;no;2;4;3;2;1;3;0;12;12;11;3.05
GP;F;18;R;GT3;T;2;1;health;at_home;reputation;other;3;2;0;no;no;no;yes;yes;no;2;1;2;1;3;4;7;10;10;10;2.58
GP;M;18;R;LE3;A;3;1;health;services;home;father;1;3;0;no;yes;yes;yes;yes;no;5;2;2;4;1;2;11;16;16;17;4.05
MS;F;18;U;GT3;A;3;3;services;services;reputation;mother;1;2;0;no;no;no;yes;yes;no;3;2;4;2;4;4;5;13;13;13;3.29
MS;F;15;R;LE3;T;3;4;teacher;at_home;home;mother;2;2;0;no;yes;no;yes;no;no;3;3;4;1;3;2;1;11;11;12;2.82
MS;M;16;R;GT3;A;4;1;services;other;home;mother;2;2;0;no;yes;no;yes;yes;no;4;5;4;1;3;4;4;19;19;19;4.64
MS;M;17;U;GT3;T;4;4;services;at_home;course;mother;1;3;1;no;no;yes;yes;no;yes;4;4;2;2;3;4;0;11;11;11;2.77
MS;M;20;R;LE3;T;4;3;services;at_home;home;other;2;3;0;no;yes;yes;yes;yes;yes;4;3;3;2;5;3;1;18;18;19;4.47
GP;M;16;U;LE3;T;3;2;at_home;teacher;home;other;3;4;0;no;no;no;yes;no;yes;4;3;1;1;4;5;0;6;6;8;1.6
GP;M;17;R;LE3;A;3;1;services;other;home;father;3;2;1;no;no;no;yes;yes;no;4;3;1;2;1;1;3;14;14;13;3.56
GP;M;17;U;LE3;A;2;3;other;other;home;father;1;2;0;yes;no;no;yes;no;yes;3;5;4;3;2;3;0;17;17;17;4.14
MS;F;15;R;LE3;T;2;3;teacher;services;course;mother;3;2;0;no;no;no;yes;no;no;3;3;3;3;4;4;7;15;15;16;3.72
MS;F;15;R;GT3;A;3;3;other;teacher;home;other;2;2;0;no;no;yes;yes;yes;yes;3;4;3;1;2;3;10;13;13;12;3.15
MS;M;18;R;LE3;A;4;1;services;other;home;other;1;3;1;no;yes;yes;yes;yes;yes;4;3;4;3;2;5;0;10;10;10;2.49
MS;M;20;U;GT3;T;2;1;other;services;course;father;2;4;3;no;yes;yes;yes;yes;no;4;3;1;1;2;4;9;11;11;9;2.79
GP;M;15;R;LE3;T;3;2;at_home;services;course;mother;2;3;2;no;no;no;yes;yes;no;4;3;2;1;4;3;8;10;10;8;2.57
MS;M;17;U;GT3;A;2;1;at_home;health;home;father;2;3;0;no;yes;yes;no;yes;no;4;3;2;1;2;1;1;13;13;14;3.17
GP;F;19;U;LE3;A;1;3;other;at_home;reputation;mother;2;4;0;no;no;no;yes;yes;yes;1;2;5;2;4;3;3;13;13;14;3.15
GP;M;17;U;GT3;T;4;2;services;at_home;reputation;mother;1;3;1;no;no;no;yes;yes;no;5;5;2;3;2;3;3;13;13;13;3.3
MS;M;19;U;LE3;A;4;2;services;other;course;other;2;2;0;no;yes;yes;yes;yes;yes;4;3;4;1;2;4;3;17;17;18;4.34
GP;F;16;R;LE3;T;2;3;other;services;home;mother;3;3;0;no;yes;no;yes;yes;yes;4;5;3;1;1;4;0;14;14;15;3.53
GP;M;17;R;GT3;T;3;2;services;health;reputation;other;1;3;0;no;yes;no;yes;yes;no;4;3;4;1;1;3;7;13;13;13;3.25
MS;M;20;R;LE3;T;2;1;services;at_home;reputation;other;2;2;0;no;no;yes;yes;yes;yes;4;3;4;1;2;2;14;15;15;15;3.82
MS;M;16;U;LE3;T;2;2;at_home;other;home;other;4;3;0;no;no;yes;yes;yes;no;3;4;2;2;1;2;0;16;16;18;4.05
GP;F;17;U;GT3;A;3;2;teacher;teacher;course;mother;2;4;2;no;yes;no;yes;yes;no;4;2;4;5;4;5;16;10;10;8;2.6
GP;F;18;R;LE3;T;2;4;health;at_home;home;mother;2;1;0;no;yes;yes;no;yes;no;3;3;3;1;2;5;4;15;15;16;3.85
GP;F;21;U;LE3;A;4;2;services;services;course;other;2;2;0;no;no;yes;yes;yes;yes;4;3;3;1;3;3;0;13;13;14;3.29
MS;F;18;R;LE3;T;2;2;teacher;health;course;mother;2;2;0;no;yes;yes;yes;yes;yes;4;3;3;2;4;4;7;15;15;15;3.63
GP;M;16;U;LE3;A;1;1;services;at_home;reputation;other;3;1;0;no;no;yes;yes;yes;yes;1;4;4;1;3;5;11;12;12;12;3.09
GP;F;16;R;GT3;T;4;3;at_home;at_home;reputation;mother;3;1;0;no;no;no;yes;yes;yes;4;3;3;2;1;4;0;11;11;12;2.73
MS;F;18;U;LE3;T;4;3;health;services;home;other;2;1;0;no;no;yes;yes;no;no;3;4;3;2;3;5;5;12;12;12;3.11
GP;F;17;U;LE3;T;3;2;services;at_home;home;other;2;2;3;yes;yes;yes;yes;yes;no;3;3;3;1;2;1;14;19;19;14;4.81
GP;M;18;R;GT3;A;4;4;health;services;home;other;1;1;0;no;yes;no;yes;yes;yes;4;3;5;1;3;4;11;12;12;12;3.06
GP;F;21;U;LE3;T;3;2;at_home;health;reputation;other;3;1;0;no;no;yes;yes;yes;no;1;2;2;3;2;4;4;15;15;15;3.65
GP;M;19;U;GT3;A;3;0;services;other;reputation;father;1;2;0;no;no;no;yes;yes;yes;1;3;3;2;2;4;4;9;9;9;2.17
GP;M;18;U;LE3;A;4;3;health;teacher;home;other;2;2;3;no;no;yes;yes;yes;no;5;3;3;1;3;1;1;12;12;9;2.88
GP;F;21;U;LE3;A;3;3;teacher;health;course;mother;1;2;0;no;yes;yes;yes;yes;no;2;4;1;4;1;3;8;11;11;11;2.72
MS;F;16;R;GT3;A;1;2;at_home;at_home;course;father;2;1;0;no;yes;no;yes;yes;no;2;2;2;2;2;4;2;12;12;13;2.99
MS;M;19;U;LE3;A;4;4;services;health;home;father;2;2;0;no;yes;no;yes;yes;yes;3;3;3;2;5;5;23;18;18;18;4.59
MS;F;17;R;GT3;T;2;2;health;other;home;other;3;2;0;no;no;yes;yes;yes;yes;4;4;1;1;4;1;1;12;12;13;3.09
GP;F;17;R;LE3;A;2;0;other;at_home;course;mother;3;2;0;no;no;no;yes;yes;yes;3;3;2;1;3;2;0;14;14;15;3.5
MS;M;15;R;LE3;T;3;3;health;services;home;other;3;1;0;no;yes;yes;yes;yes;yes;4;3;3;1;4;2;0;10;10;10;2.54
GP;F;17;U;GT3;T;2;3;teacher;services;home;other;2;1;0;no;yes;no;yes;yes;no;3;3;3;3;1;4;21;7;7;5;1.74
MS;M;17;U;LE3;A;3;0;services;at_home;reputation;other;1;2;2;no;no;no;yes;yes;no;1;2;3;3;3;4;3;19;19;17;4.66
GP;F;17;U;LE3;A;2;2;services;other;reputation;father;2;4;0;no;yes;no;yes;no;yes;2;5;2;1;2;5;11;16;16;18;4.04
GP;F;16;R;GT3;A;3;3;at_home;services;home;mother;1;1;2;no;yes;yes;yes;yes;yes;3;2;3;4;3;5;10;16;16;13;4.12
GP;M;19;U;GT3;T;4;3;services;at_home;home;other;2;2;0;no;yes;no;yes;yes;yes;3;4;4;2;2;3;2;12;12;12;2.92
GP;F;17;R;LE3;T;1;4;other;other;reputation;other;1;4;0;no;no;yes;yes;yes;yes;3;4;4;1;1;3;9;11;11;13;2.7
GP;F;16;R;GT3;A;1;2;teacher;health;reputation;other;3;3;0;no;yes;yes;yes;yes;no;3;4;2;1;4;4;0;8;8;9;2.02
GP;M;15;U;LE3;T;1;2;at_home;services;reputation;other;3;2;0;no;no;no;yes;yes;no;4;4;2;2;1;4;4;12;12;12;2.89
GP;F;17;U;LE3;T;3;1;health;teacher;course;father;1;1;0;yes;yes;no;yes;yes;no;3;3;3;1;4;2;9;17;17;16;4.13
GP;F;20;R;LE3;T;2;1;services;services;course;father;2;1;1;no;yes;yes;yes;no;yes;4;1;4;2;2;3;8;13;13;12;3.28
MS;F;15;U;LE3;A;1;3;health;teacher;home;mother;2;2;0;no;yes;yes;yes;yes;yes;4;3;5;4;5;5;0;10;10;11;2.52
GP;M;18;R;GT3;A;4;4;at_home;teacher;course;mother;2;2;0;no;no;yes;yes;yes;no;3;1;4;1;3;4;1;16;16;17;4.08
MS;M;15;R;LE3;T;3;3;services;services;course;mother;1;4;0;no;yes;yes;yes;yes;no;4;5;4;2;2;1;4;15;15;16;3.64
GP;M;19;U;LE3;A;4;2;at_home;other;home;mother;1;3;0;no;yes;no;yes;yes;yes;1;2;3;1;1;2;2;16;16;17;4.11
GP;M;16;R;GT3;A;2;4;health;services;course;mother;1;1;1;no;no;yes;yes;yes;no;1;3;4;3;3;4;9;14;14;12;3.49
MS;M;18;U;GT3;T;3;0;at_home;services;course;other;2;1;0;no;no;yes;yes;yes;no;3;3;3;2;4;3;6;13;13;13;3.17
GP;M;17;R;LE3;A;2;1;other;teacher;reputation;other;2;3;2;no;no;yes;yes;yes;yes;3;1;3;2;3;4;2;15;15;14;3.87
GP;F;17;U;GT3;A;3;3;teacher;other;home;other;3;4;0;no;no;no;yes;yes;no;4;2;5;1;3;4;0;15;15;16;3.73
MS;F;18;R;LE3;T;3;3;other;other;reputation;mother;3;1;2;yes;yes;no;yes;yes;no;5;3;3;2;1;4;1;12;12;9;2.93
MS;F;15;U;GT3;T;4;4;health;teacher;home;other;1;1;0;no;no;yes;yes;yes;no;1;3;2;1;2;2;0;10;10;10;2.58
GP;F;17;R;GT3;T;4;1;teacher;other;reputation;other;2;1;2;no;no;yes;yes;yes;yes;5;4;3;2;4;4;1;16;16;14;4.12
MS;F;15;R;GT3;A;1;3;services;services;reputation;mother;1;4;0;no;no;yes;yes;yes;no;5;4;4;1;2;3;15;13;13;13;3.18
GP;M;19;R;GT3;T;1;2;services;health;reputation;mother;3;1;4;no;yes;no;yes;yes;no;5;3;2;2;1;1;13;15;15;8;3.64
MS;M;15;R;GT3;A;4;4;services;health;course;father;1;2;0;no;no;no;yes;yes;no;3;2;2;2;3;4;9;8;8;8;2.1
GP;F;17;U;GT3;T;3;4;teacher;teacher;home;father;1;3;2;no;yes;yes;yes;no;no;4;3;2;4;2;1;6;14;14;11;3.47
GP;M;18;R;GT3;A;2;3;teacher;at_home;reputation;father;2;2;0;no;no;yes;yes;yes;no;5;4;3;1;2;1;13;14;14;14;3.51
GP;F;15;R;LE3;T;1;0;teacher;teacher;course;other;1;3;0;no;no;no;yes;yes;yes;2;4;2;4;1;3;1;13;13;14;3.36
MS;M;17;R;GT3;A;4;1;at_home;teacher;course;other;1;2;1;no;no;yes;yes;no;yes;5;4;4;2;2;3;13;12;12;11;2.88
GP;F;16;R;LE3;A;4;3;at_home;other;reputation;mother;1;2;0;yes;yes;no;yes;yes;no;5;3;4;2;1;2;5;14;14;14;3.45
GP;M;15;R;LE3;A;4;0;other;health;course;mother;3;1;1;yes;yes;yes;no;no;yes;5;4;3;1;2;3;8;9;9;8;2.33
GP;F;18;U;GT3;T;3;3;services;other;home;father;1;1;0;no;yes;no;yes;yes;yes;5;2;4;5;3;4;1;11;11;11;2.77
GP;M;18;U;GT3;T;1;4;services;services;reputation;mother;2;2;0;no;yes;no;yes;no;yes;3;4;4;1;3;3;5;13;13;13;3.18
GP;F;17;R;LE3;A;4;4;services;services;course;father;1;2;4;yes;yes;yes;no;yes;yes;4;2;4;1;2;5;4;17;17;12;4.15
GP;F;20;U;LE3;A;1;0;health;at_home;reputation;mother;2;2;0;yes;yes;yes;yes;yes;no;3;3;3;2;4;3;8;14;14;15;3.52
GP;M;18;R;GT3;T;4;1;other;at_home;reputation;father;1;1;0;no;no;no;yes;yes;yes;2;4;4;3;2;4;8;17;17;17;4.19
GP;F;15;U;LE3;A;2;2;services;health;course;mother;1;1;2;no;no;yes;yes;yes;yes;3;3;4;1;5;5;18;10;10;6;2.56
MS;F;20;U;LE3;A;3;4;teacher;other;course;father;3;3;0;no;yes;yes;yes;yes;no;4;4;4;3;2;1;5;13;13;14;3.21
MS;F;18;R;LE3;T;2;3;services;services;reputation;father;2;2;1;no;yes;no;yes;yes;no;3;3;5;5;1;1;8;16;16;15;4.1
MS;M;16;U;GT3;T;3;3;health;other;course;mother;1;2;0;yes;yes;no;yes;no;no;4;3;2;4;3;3;10;14;14;15;3.62
MS;M;17;R;LE3;A;2;2;services;services;home;mother;2;2;0;no;no;yes;yes;yes;yes;5;3;4;2;2;5;4;14;14;15;3.54
MS;M;16;R;GT3;T;3;1;other;services;home;mother;2;2;0;yes;no;no;yes;yes;yes;4;3;3;4;3;2;8;12;12;12;3.02
GP;M;16;U;GT3;T;4;4;at_home;other;home;father;2;1;0;no;no;no;no;yes;yes;3;4;4;3;5;3;12;13;13;12;3.14
MS;M;17;R;GT3;A;3;1;services;teacher;reputation;father;2;2;1;no;no;no;yes;yes;yes;3;3;3;1;4;4;9;17;17;16;4.27
MS;M;16;U;GT3;A;2;4;at_home;health;course;father;2;3;1;no;yes;yes;yes;no;yes;5;3;5;2;2;2;0;15;15;15;3.68
MS;M;17;R;LE3;T;1;2;teacher;services;reputation;mother;2;2;1;yes;no;yes;yes;yes;no;5;3;5;1;2;1;1;10;10;8;2.46
MS;F;17;U;LE3;T;3;4;teacher;other;home;other;1;2;0;no;no;no;yes;yes;no;4;2;2;3;1;2;0;14;14;15;3.46
GP;F;19;R;LE3;T;2;3;health;teacher;reputation;father;1;2;0;no;no;no;yes;yes;yes;2;2;2;1;1;3;2;14;14;14;3.55
MS;M;19;U;LE3;T;4;4;other;other;home;father;1;2;0;no;no;yes;yes;yes;yes;5;2;1;1;4;4;5;11;11;12;2.66
GP;M;16;U;LE3;T;1;3;health;services;home;other;1;3;2;yes;yes;no;yes;yes;yes;3;5;5;4;1;4;9;9;9;7;2.17
GP;M;17;R;GT3;T;4;4;at_home;services;reputation;other;2;2;0;no;no;no;yes;yes;yes;5;3;3;5;2;4;3;12;12;12;2.88
GP;M;15;U;GT3;T;3;2;services;health;course;father;1;3;0;no;no;yes;yes;yes;no;5;2;3;1;3;2;8;15;15;16;3.74
GP;M;18;R;LE3;T;2;3;at_home;other;course;father;1;2;0;no;yes;no;yes;yes;yes;4;2;2;2;2;4;3;18;18;19;4.52
MS;F;15;U;LE3;T;3;2;other;services;course;mother;2;2;0;no;yes;yes;yes;no;no;4;4;5;2;2;3;7;8;8;9;2.0
MS;F;16;U;GT3;A;3;2;teacher;at_home;reputation;father;2;1;0;no;yes;no;no;yes;yes;4;4;3;3;2;4;0;10;10;10;2.38
MS;F;18;R;LE3;A;2;3;teacher;health;reputation;father;2;2;0;no;no;no;yes;yes;yes;3;3;5;1;1;5;5;6;6;6;1.56
MS;F;15;U;GT3;T;3;2;services;other;reputation;father;2;2;1;no;no;yes;yes;no;yes;4;4;2;1;1;4;0;13;13;13;3.33
MS;M;18;U;GT3;A;2;1;health;health;home;other;2;2;0;no;no;no;yes;yes;no;5;4;5;2;2;4;6;15;15;15;3.8
GP;M;22;R;LE3;T;2;4;services;services;course;other;1;4;0;yes;yes;yes;yes;yes;no;3;4;3;2;1;3;0;9;9;10;2.29
MS;F;17;U;LE3;T;4;0;services;services;course;other;2;3;0;no;yes;yes;yes;yes;no;2;4;4;4;4;3;11;12;12;12;2.95
GP;M;17;U;GT3;A;2;1;services;services;course;mother;2;1;0;no;yes;yes;yes;yes;no;4;3;4;2;1;5;4;16;16;16;4.01
MS;F;17;R;GT3;A;2;4;teacher;health;course;father;2;2;0;no;no;no;yes;yes;no;2;4;4;3;1;5;8;19;19;19;4.67
MS;F;21;R;GT3;T;3;3;services;health;course;other;3;3;0;no;no;yes;yes;yes;yes;4;2;2;3;1;1;3;13;13;15;3.35
MS;M;19;U;GT3;T;1;2;other;teacher;home;other;2;2;1;no;no;yes;yes;yes;no;4;2;3;1;1;3;0;17;17;16;4.22
GP;F;16;R;LE3;T;1;3;at_home;health;reputation;other;2;1;0;no;yes;no;yes;no;no;2;3;3;3;2;3;11;9;9;9;2.37
MS;F;16;U;LE3;T;3;3;services;health;course;father;3;2;0;no;no;no;yes;no;yes;3;3;4;1;4;2;13;11;11;11;2.87
MS;M;17;R;LE3;T;1;3;health;teacher;home;mother;1;2;0;no;no;yes;yes;yes;yes;5;4;5;1;2;5;4;16;16;16;3.91
MS;M;16;U;LE3;A;3;2;teacher;health;reputation;other;1;4;0;no;no;no;yes;yes;yes;3;2;2;2;2;5;13;15;15;16;3.71
GP;M;18;U;GT3;A;2;4;teacher;teacher;course;other;2;1;0;no;no;yes;yes;yes;no;1;4;3;1;3;2;0;18;18;17;4.45
GP;F;16;U;GT3;A;1;4;at_home;at_home;reputation;other;2;3;2;no;yes;yes;yes;yes;no;3;3;3;3;1;2;9;13;13;10;3.15
MS;M;17;R;GT3;T;4;3;other;teacher;home;other;1;2;0;no;no;no;no;yes;no;3;3;3;2;1;3;3;14;14;14;3.39
MS;F;16;R;LE3;T;1;3;health;teacher;course;other;1;2;0;no;yes;yes;yes;yes;no;2;3;2;2;1;2;7;11;11;11;2.64
GP;M;16;U;LE3;T;3;0;at_home;health;course;mother;2;1;2;no;yes;yes;yes;yes;yes;5;4;4;2;2;4;8;16;16;13;4.0
MS;F;15;R;GT3;T;2;2;at_home;at_home;reputation;other;2;2;0;no;no;no;yes;yes;yes;3;3;3;2;5;1;5;17;17;18;4.29
MS;F;16;U;GT3;A;3;2;at_home;services;reputation;mother;2;2;0;no;no;yes;yes;yes;yes;4;3;2;1;4;5;4;14;14;15;3.53
GP;F;19;R;LE3;T;3;1;teacher;other;home;father;1;1;0;yes;no;yes;yes;yes;no;3;5;3;5;1;3;17;14;14;13;3.44
GP;M;19;U;LE3;A;4;3;health;services;course;father;3;2;0;no;no;no;yes;yes;yes;2;5;4;1;4;5;14;10;10;10;2.47
MS;M;17;U;GT3;A;1;2;at_home;at_home;course;other;2;3;0;no;yes;yes;yes;no;no;5;2;2;3;1;2;9;12;12;12;2.94
MS;F;18;R;GT3;T;1;0;services;other;course;mother;2;3;4;no;no;no;yes;yes;yes;3;2;3;1;3;3;7;13;13;8;3.2
MS;F;17;U;LE3;T;4;3;other;other;reputation;mother;3;2;0;yes;no;no;yes;no;no;5;3;4;2;3;3;4;11;11;12;2.83
GP;F;20;R;GT3;T;4;1;at_home;other;course;mother;1;1;0;no;yes;no;yes;yes;no;4;4;5;1;1;3;0;16;16;16;4.0
MS;F;17;U;LE3;T;3;1;at_home;at_home;home;other;2;2;0;no;yes;yes;yes;yes;yes;3;3;4;1;1;3;0;7;7;7;1.76
MS;F;15;U;LE3;A;3;0;teacher;teacher;course;father;1;1;2;yes;yes;yes;yes;yes;no;2;3;3;1;1;2;0;11;11;8;2.73
MS;M;15;R;GT3;T;3;2;at_home;services;course;mother;3;2;0;no;yes;no;yes;yes;no;5;4;2;3;1;3;0;10;10;11;2.61
MS;M;16;R;GT3;T;3;1;at_home;teacher;reputation;father;1;2;0;yes;yes;no;yes;no;no;4;2;1;1;2;3;7;17;17;17;4.21
MS;F;16;R;LE3;T;2;1;health;health;course;other;1;4;0;no;no;yes;yes;no;yes;3;5;2;3;1;3;0;14;14;16;3.62
GP;F;19;U;LE3;A;2;2;other;at_home;home;mother;3;2;2;no;no;no;yes;yes;yes;1;2;3;2;2;4;6;13;13;10;3.37
MS;F;17;U;GT3;A;0;4;services;at_home;reputation;mother;2;2;1;no;no;yes;yes;yes;no;3;4;3;1;3;3;4;14;14;14;3.57
MS;M;18;R;GT3;A;2;4;at_home;health;course;mother;1;2;0;no;no;yes;yes;yes;yes;1;3;2;1;1;5;7;12;12;12;3.11
GP;F;20;U;GT3;A;2;1;health;other;home;other;2;1;2;no;yes;yes;yes;yes;yes;3;3;3;1;2;3;1;13;13;10;3.17
MS;F;17;R;GT3;T;3;3;other;at_home;reputation;father;2;1;1;no;yes;no;yes;no;yes;3;4;4;3;1;5;15;11;11;9;2.74
GP;F;16;R;LE3;A;0;4;services;health;home;father;1;2;0;no;no;no;yes;no;yes;3;5;5;3;3;3;0;17;17;18;4.21
MS;M;19;U;LE3;T;4;2;services;at_home;reputation;mother;2;1;0;no;no;no;yes;no;yes;3;4;4;1;5;3;12;15;15;15;3.72
GP;M;15;R;GT3;A;4;3;at_home;other;reputation;mother;1;2;0;no;yes;yes;yes;yes;yes;3;3;3;2;1;3;7;12;12;12;3.09
MS;M;19;U;LE3;T;1;3;services;health;course;father;2;2;0;no;no;no;yes;yes;no;2;4;2;1;2;3;1;11;11;12;2.76
MS;M;17;R;LE3;T;4;3;services;teacher;home;father;1;2;0;no;yes;no;yes;yes;yes;2;4;3;3;4;3;4;14;14;14;3.45
GP;F;15;U;GT3;A;2;1;health;services;reputation;other;1;2;0;no;no;yes;no;yes;yes;3;1;4;3;3;1;5;12;12;13;3.09
MS;M;15;R;LE3;T;1;4;at_home;other;home;mother;2;1;0;no;no;no;yes;yes;no;4;3;4;1;2;2;0;13;13;14;3.32
MS;F;17;U;LE3;T;3;1;services;at_home;course;father;1;3;0;no;yes;no;yes;yes;no;4;3;2;2;3;5;0;13;13;14;3.17
GP;M;17;U;LE3;A;3;2;teacher;other;home;father;1;2;0;no;no;yes;yes;yes;no;4;5;3;1;1;3;7;15;15;16;3.8
GP;F;17;U;LE3;T;2;3;at_home;health;course;other;3;3;4;no;no;no;yes;yes;no;4;4;3;2;4;5;3;18;18;13;4.38
MS;F;18;R;GT3;T;2;1;other;teacher;home;mother;4;3;2;yes;no;no;yes;yes;no;3;3;4;1;4;3;0;12;12;11;2.99
GP;F;15;U;GT3;T;4;1;services;other;home;mother;1;2;0;no;no;yes;yes;yes;no;4;4;3;3;1;2;1;13;13;14;3.2
MS;M;17;U;LE3;A;1;1;teacher;at_home;course;mother;2;2;0;no;no;no;no;yes;no;5;3;3;3;1;3;3;9;9;9;2.24
GP;M;18;U;GT3;A;3;0;teacher;health;reputation;father;4;1;1;no;yes;yes;yes;no;no;4;4;3;1;3;3;0;8;8;7;2.05
GP;F;17;R;GT3;A;1;1;teacher;teacher;course;other;1;3;0;no;no;no;yes;yes;yes;3;3;4;2;2;3;2;15;15;16;3.64
GP;F;17;R;GT3;T;3;2;other;teacher;home;father;3;1;0;no;yes;yes;yes;yes;no;4;2;4;1;3;2;9;10;10;9;2.49
GP;M;17;R;GT3;T;4;1;health;health;home;father;1;1;0;yes;yes;no;yes;no;no;5;4;4;2;1;1;5;14;14;14;3.55
MS;F;17;U;GT3;T;3;0;services;at_home;home;father;1;1;0;no;no;no;no;yes;no;1;4;4;3;2;3;6;17;17;17;4.31
GP;F;16;R;LE3;A;3;3;services;teacher;course;father;2;2;0;no;no;yes;yes;yes;yes;1;2;2;3;1;4;7;10;10;11;2.59
GP;M;21;U;LE3;T;2;3;health;other;home;father;2;2;4;no;no;yes;yes;no;yes;5;4;1;2;1;5;5;14;14;10;3.52
MS;M;17;R;GT3;T;3;1;services;other;course;mother;2;1;0;yes;yes;no;yes;yes;no;3;3;2;2;1;2;10;13;13;12;3.19
GP;F;18;U;LE3;A;2;2;other;health;home;father;4;2;1;no;no;yes;yes;no;no;3;3;3;4;1;3;0;12;12;11;2.99
GP;M;21;U;LE3;A;3;2;at_home;other;home;other;3;1;0;no;no;yes;yes;yes;yes;3;4;2;1;4;3;8;14;14;14;3.62
GP;F;21;U;LE3;T;4;1;at_home;other;reputation;other;1;2;0;no;no;no;yes;yes;yes;3;3;2;3;3;3;13;12;12;12;3.09
GP;M;17;R;LE3;A;1;1;teacher;services;home;father;1;1;0;no;yes;no;yes;yes;no;2;2;5;2;1;3;8;14;14;14;3.59
MS;F;18;U;GT3;A;3;3;at_home;other;home;father;3;1;1;no;yes;no;yes;yes;yes;1;3;3;1;3;4;3;20;20;18;5.0
MS;M;17;R;LE3;A;3;3;at_home;health;course;father;2;3;0;no;yes;yes;yes;yes;no;4;4;3;3;1;5;12;16;16;18;4.08
MS;M;16;R;LE3;A;2;4;other;health;home;mother;1;4;1;no;yes;no;yes;yes;yes;3;3;2;1;1;5;16;13;13;12;3.19
GP;F;15;R;GT3;A;2;3;health;health;reputation;mother;1;1;2;no;yes;yes;yes;yes;yes;4;2;3;1;1;5;0;11;11;8;2.79
GP;M;21;R;LE3;A;2;3;services;health;reputation;mother;2;1;0;no;no;yes;yes;yes;yes;3;3;4;2;1;2;12;12;12;12;2.97
MS;M;18;U;LE3;T;3;1;health;at_home;course;father;1;3;1;no;yes;no;yes;yes;yes;4;3;4;1;5;4;11;8;8;8;1.89
GP;M;19;R;GT3;A;3;2;health;health;home;other;1;3;0;no;yes;yes;yes;no;no;3;4;3;2;1;3;15;13;13;13;3.23
MS;M;18;U;LE3;T;3;3;at_home;at_home;reputation;other;2;3;0;yes;yes;no;no;no;no;5;2;1;1;4;5;0;7;7;8;1.76
GP;M;22;R;GT3;A;4;4;services;other;home;mother;1;3;0;yes;yes;no;yes;yes;no;4;5;2;1;1;4;10;15;15;15;3.72
MS;F;16;U;LE3;T;4;0;other;health;course;mother;1;2;1;no;no;yes;yes;yes;yes;4;4;5;2;2;3;6;12;12;11;2.94
GP;M;20;U;LE3;T;1;1;health;health;reputation;mother;4;2;1;no;yes;no;yes;no;no;3;2;3;1;4;5;8;13;13;12;3.21
MS;M;16;R;LE3;A;2;3;at_home;at_home;home;other;1;2;0;no;no;no;yes;no;yes;4;2;2;1;2;3;4;10;10;11;2.62
MS;M;17;R;GT3;A;3;3;other;teacher;home;mother;1;2;1;no;no;yes;yes;yes;yes;2;5;4;3;1;5;3;14;14;14;3.57
GP;F;15;R;LE3;A;2;3;services;at_home;course;father;1;4;0;no;no;yes;yes;yes;yes;5;2;3;1;1;3;0;12;12;13;3.01
MS;F;17;U;GT3;T;2;4;other;health;course;mother;2;4;0;no;no;no;no;yes;yes;4;3;4;4;1;2;0;15;15;16;3.64
MS;F;15;U;GT3;T;4;3;services;health;course;mother;1;4;2;no;no;no;yes;yes;no;4;5;2;1;2;5;4;13;13;12;3.16
MS;F;15;U;LE3;A;2;0;at_home;health;home;other;2;2;3;no;yes;yes;yes;no;no;4;1;3;3;4;5;0;17;17;13;4.28
GP;M;17;U;GT3;T;1;2;health;at_home;reputation;other;1;1;0;no;yes;yes;yes;yes;yes;3;3;4;1;2;4;12;11;11;10;2.7
MS;M;21;U;LE3;A;3;4;at_home;other;course;mother;2;4;0;no;no;no;yes;yes;no;4;4;4;1;3;3;8;13;13;14;3.26
GP;M;18;U;LE3;A;3;3;teacher;services;home;mother;2;1;0;no;yes;no;yes;no;yes;3;2;4;3;4;2;1;11;11;12;2.86
MS;M;16;R;GT3;A;4;2;other;teacher;reputation;mother;1;2;0;no;no;no;yes;yes;no;2;4;2;1;1;2;0;6;6;7;1.44
GP;M;15;U;LE3;A;2;1;teacher;teacher;course;other;1;3;1;no;no;no;yes;yes;yes;2;3;2;1;3;4;5;16;16;16;4.07
MS;M;21;R;LE3;T;3;1;health;at_home;reputation;other;2;1;1;no;yes;yes;yes;yes;yes;5;3;3;2;1;5;0;15;15;14;3.84
MS;M;16;U;LE3;T;2;2;other;health;reputation;mother;2;2;0;yes;no;no;yes;yes;yes;3;3;3;1;2;3;1;15;15;15;3.65
MS;M;16;R;LE3;A;2;3;teacher;other;course;other;1;2;0;no;no;no;yes;yes;no;3;4;3;2;2;3;5;18;18;20;4.6
GP;M;15;R;LE3;A;4;3;teacher;services;home;mother;3;2;0;no;yes;yes;no;yes;yes;3;4;3;2;3;4;8;14;14;14;3.49
GP;M;18;U;GT3;T;1;2;health;health;reputation;other;3;2;0;yes;yes;yes;yes;yes;no;4;4;5;1;1;4;1;11;11;12;2.74
GP;F;17;U;GT3;T;2;1;teacher;health;home;father;2;1;0;no;no;no;yes;yes;yes;2;2;5;3;1;4;19;16;16;15;3.91
GP;M;17;U;LE3;A;2;4;health;at_home;reputation;other;3;1;0;no;no;yes;yes;yes;yes;3;5;2;1;4;3;8;14;14;13;3.41
MS;F;21;U;GT3;T;1;2;other;at_home;course;other;3;3;0;no;yes;no;yes;yes;yes;2;4;3;3;2;2;18;16;16;16;3.91
GP;M;20;U;LE3;A;2;0;teacher;at_home;reputation;mother;2;4;2;no;yes;yes;no;no;no;2;2;4;1;4;5;12;14;14;12;3.4
GP;F;17;U;LE3;T;4;4;teacher;other;home;other;1;1;0;no;no;no;yes;yes;no;2;4;4;2;3;3;16;11;11;10;2.66
GP;F;16;R;GT3;A;3;4;at_home;health;home;father;2;2;1;no;yes;yes;yes;yes;no;3;3;3;1;5;3;11;8;8;6;1.92
MS;M;16;U;GT3;T;1;0;services;teacher;reputation;father;4;2;0;no;yes;yes;yes;yes;no;3;3;3;2;1;4;0;17;17;17;4.19
GP;M;17;U;LE3;A;4;3;at_home;health;reputation;father;2;4;1;no;no;no;yes;yes;yes;2;5;3;3;1;3;4;12;12;12;3.0
MS;M;19;R;LE3;T;4;3;services;other;reputation;father;1;2;0;no;yes;yes;no;yes;no;2;5;3;1;2;2;3;14;14;15;3.57
MS;F;21;U;LE3;T;2;2;other;teacher;home;mother;1;2;0;no;yes;no;yes;yes;no;4;2;3;1;4;2;11;10;10;10;2.59
MS;M;17;R;LE3;A;4;1;at_home;teacher;course;mother;3;3;0;no;yes;yes;yes;yes;yes;4;5;3;2;3;4;11;16;16;16;3.89
MS;M;17;R;LE3;T;2;0;teacher;at_home;reputation;father;1;2;0;no;no;yes;yes;no;no;4;4;2;1;4;3;0;18;18;18;4.42
MS;M;18;U;GT3;T;3;2;at_home;services;home;other;2;3;0;no;yes;yes;yes;yes;no;5;4;3;2;3;5;14;15;15;15;3.81
MS;M;17;R;GT3;A;4;4;at_home;services;reputation;other;2;2;1;no;no;yes;no;yes;yes;3;2;3;2;3;1;0;10;10;9;2.6
GP;F;15;U;GT3;T;4;2;at_home;other;course;mother;2;2;0;no;no;no;yes;yes;yes;3;5;5;1;3;3;8;14;14;14;3.46
MS;M;19;U;GT3;T;2;2;teacher;teacher;home;father;3;2;3;no;no;yes;yes;yes;no;5;3;2;1;3;2;7;16;16;12;4.04
GP;M;16;R;GT3;T;1;3;services;health;home;mother;1;2;0;no;yes;no;yes;no;yes;4;3;4;1;1;3;16;14;14;14;3.58
MS;M;19;U;LE3;T;0;3;teacher;at_home;course;mother;1;4;0;no;no;yes;yes;yes;no;4;3;2;2;2;4;10;15;15;16;3.63
GP;M;20;U;LE3;A;4;1;services;at_home;course;other;2;2;1;no;yes;yes;yes;yes;no;3;4;3;1;1;3;0;14;14;13;3.46
MS;F;16;R;LE3;A;4;1;health;health;course;other;1;1;2;no;no;no;no;yes;yes;2;3;3;1;1;2;12;14;14;10;3.42
GP;M;17;R;GT3;A;3;3;other;other;reputation;father;1;2;3;no;yes;no;yes;yes;no;4;4;3;3;2;4;3;13;13;9;3.13
GP;F;16;R;GT3;A;2;1;health;health;home;father;2;1;0;no;no;yes;yes;yes;no;1;3;1;2;3;2;6;16;16;16;3.96
GP;M;17;R;LE3;A;1;2;services;services;reputation;father;2;2;0;yes;no;yes;yes;yes;no;1;2;5;1;3;3;12;11;11;11;2.67
MS;M;16;U;GT3;T;3;2;teacher;teacher;reputation;mother;1;3;0;yes;no;yes;yes;yes;no;3;3;4;2;1;5;0;15;15;16;3.68
MS;M;17;U;GT3;A;3;4;teacher;services;course;mother;2;2;0;no;yes;no;yes;no;yes;2;3;2;2;4;2;17;12;12;13;3.07
MS;F;15;U;GT3;T;1;2;teacher;services;reputation;mother;2;1;0;no;yes;no;yes;yes;yes;3;4;3;3;3;3;1;10;10;11;2.61
MS;M;17;U;GT3;A;3;1;health;services;home;father;1;1;0;yes;no;no;yes;yes;no;3;3;2;1;2;1;14;12;12;11;2.92
GP;M;19;R;GT3;A;3;1;teacher;teacher;home;other;3;1;2;no;no;no;yes;yes;no;4;3;3;1;2;2;5;15;15;11;3.64
MS;M;18;R;LE3;A;4;3;teacher;teacher;home;other;2;1;0;no;no;yes;yes;yes;yes;3;5;4;1;5;4;0;16;16;16;3.95
MS;M;18;R;LE3;T;3;1;at_home;health;course;mother;2;1;0;no;yes;yes;yes;yes;yes;4;3;4;5;1;4;9;15;15;15;3.63
MS;F;16;R;GT3;A;3;3;health;teacher;course;other;2;2;0;no;yes;no;yes;yes;no;5;5;5;1;1;2;0;15;15;16;3.85
GP;M;17;R;GT3;T;4;3;at_home;services;course;mother;1;3;2;no;yes;yes;yes;yes;no;2;3;1;2;2;1;3;14;14;13;3.58
MS;M;16;R;GT3;A;4;3;health;other;reputation;other;3;2;0;no;yes;no;no;yes;yes;5;3;1;2;1;5;15;12;12;11;3.0
MS;M;17;U;GT3;T;2;2;health;other;reputation;mother;2;1;0;no;no;no;yes;yes;yes;3;3;4;3;4;5;3;15;15;14;3.85
MS;F;15;U;LE3;T;3;4;health;other;home;other;2;3;1;no;no;no;no;yes;yes;2;2;2;2;2;1;8;9;9;8;2.22
GP;F;19;R;GT3;T;2;3;health;other;reputation;other;2;3;0;no;yes;yes;yes;yes;no;4;2;2;2;1;5;3;15;15;16;3.87
MS;M;17;U;GT3;A;1;0;teacher;other;reputation;mother;2;1;0;no;yes;yes;yes;yes;no;4;3;3;2;1;4;5;14;14;14;3.54
GP;F;18;R;GT3;T;0;4;at_home;at_home;reputation;other;2;4;4;no;no;yes;yes;yes;yes;3;2;3;3;2;3;0;14;14;10;3.52
GP;M;18;R;GT3;T;3;3;teacher;other;reputation;mother;1;2;1;no;yes;yes;yes;yes;no;2;4;3;1;3;3;13;18;18;16;4.38
GP;M;19;U;LE3;T;4;3;services;at_home;course;other;3;3;0;no;no;yes;yes;yes;yes;5;3;2;2;1;4;9;12;12;13;3.02
MS;M;19;U;GT3;T;3;4;teacher;other;course;father;1;3;0;no;no;no;yes;yes;no;3;4;3;3;2;3;12;12;12;12;2.97
GP;F;18;U;LE3;T;2;2;other;services;course;mother;1;3;0;no;yes;no;no;yes;yes;4;3;5;2;1;3;7;15;15;16;3.78
GP;M;19;U;GT3;T;2;0;other;at_home;home;father;3;2;2;yes;yes;yes;yes;yes;no;5;3;3;1;1;4;6;15;15;12;3.66
GP;M;15;U;LE3;T;3;3;at_home;health;reputation;mother;1;1;0;yes;yes;yes;yes;yes;no;3;4;4;4;1;5;11;16;16;16;3.95
MS;F;17;U;LE3;A;1;2;at_home;other;reputation;father;1;3;0;no;yes;no;yes;no;yes;5;3;3;1;3;4;0;15;15;16;3.66
GP;F;15;R;GT3;T;2;3;health;health;reputation;mother;2;1;0;no;yes;yes;no;yes;no;3;3;3;3;5;1;3;8;8;9;2.08
GP;F;19;R;GT3;A;0;3;other;other;course;father;1;4;1;no;no;yes;yes;yes;no;3;4;3;3;1;5;0;17;17;18;4.35
MS;F;18;U;GT3;A;3;4;teacher;at_home;home;father;1;1;0;no;no;yes;yes;yes;no;3;4;4;2;1;5;15;14;14;13;3.42
GP;M;16;U;LE3;A;3;3;other;services;home;other;2;2;0;no;yes;no;yes;yes;no;5;3;3;2;5;3;10;16;16;16;4.01
MS;F;17;R;GT3;A;4;0;services;other;home;mother;2;3;0;no;no;no;yes;yes;yes;2;4;4;2;1;1;9;10;10;11;2.59
GP;F;22;U;LE3;A;4;0;other;other;reputation;father;1;2;0;no;no;no;yes;yes;yes;4;1;4;2;2;4;6;14;14;15;3.55
GP;M;19;R;LE3;A;2;3;services;services;reputation;mother;1;4;1;no;no;yes;yes;yes;yes;3;3;3;4;2;5;5;16;16;16;3.9
MS;F;18;R;LE3;A;3;3;other;health;course;father;1;3;2;no;no;no;yes;yes;yes;1;2;1;1;1;5;16;15;15;12;3.67
MS;F;20;R;GT3;T;4;0;other;other;reputation;mother;1;3;0;no;no;no;yes;yes;no;5;5;5;1;2;3;0;16;16;17;3.9
MS;F;16;U;LE3;A;0;2;services;at_home;reputation;mother;3;2;2;yes;no;no;yes;no;no;3;5;4;1;3;3;1;15;15;13;3.74
MS;M;16;R;GT3;T;4;3;teacher;at_home;reputation;father;1;4;1;no;yes;no;yes;no;no;4;1;4;1;4;2;3;12;12;13;2.97
MS;M;20;U;LE3;T;3;1;health;other;reputation;mother;2;2;1;no;no;no;yes;yes;no;4;4;4;1;2;1;2;7;7;7;1.82
MS;M;17;R;LE3;A;1;3;at_home;at_home;course;father;2;3;3;no;no;yes;yes;yes;no;5;2;3;2;1;5;4;15;15;11;3.76
MS;F;18;U;LE3;A;1;1;services;other;home;father;1;3;0;no;no;yes;yes;yes;no;5;2;4;1;3;4;0;8;8;10;2.04
GP;M;21;R;LE3;A;3;2;services;other;home;other;1;3;0;no;yes;no;yes;yes;no;3;3;4;2;1;1;0;14;14;15;3.55
GP;M;17;R;GT3;T;3;4;health;health;home;father;2;3;1;no;no;yes;yes;yes;no;3;1;4;1;2;3;2;8;8;8;2.06
GP;F;16;R;GT3;T;1;3;teacher;services;course;other;2;2;1;no;no;no;yes;yes;no;3;4;2;1;4;4;7;14;14;12;3.44
MS;F;22;U;GT3;A;1;4;health;teacher;home;other;1;2;2;no;no;yes;yes;yes;yes;4;3;2;1;1;3;11;12;12;9;2.89
MS;F;16;U;GT3;A;1;2;at_home;other;course;other;4;3;0;yes;yes;no;yes;no;yes;4;3;4;1;3;4;0;12;12;13;3.1
GP;F;19;R;GT3;A;2;0;other;services;course;other;1;1;0;no;no;yes;yes;yes;yes;2;4;3;1;4;1;2;13;13;13;3.22
GP;M;22;R;GT3;T;4;4;teacher;other;reputation;other;1;2;0;no;no;yes;yes;yes;yes;4;3;2;5;4;2;0;11;11;13;2.82
GP;M;15;R;GT3;A;2;0;other;at_home;home;mother;1;1;2;no;yes;no;yes;yes;yes;3;4;2;2;2;3;5;14;14;11;3.39
MS;M;17;U;LE3;A;1;3;health;at_home;course;father;2;1;2;no;no;no;yes;yes;yes;2;2;3;2;2;3;11;18;18;14;4.53
GP;M;18;R;GT3;T;3;2;services;services;course;mother;2;2;0;no;yes;no;yes;yes;no;4;5;3;2;3;1;5;16;16;17;4.05
GP;M;15;U;LE3;A;3;2;teacher;teacher;reputation;other;2;4;0;no;no;yes;yes;yes;yes;1;4;3;2;2;1;3;11;11;12;2.76
GP;M;18;U;LE3;A;4;2;teacher;health;reputation;mother;1;3;1;no;yes;no;yes;no;no;3;4;3;2;4;4;11;10;10;9;2.4
GP;F;21;R;LE3;T;1;3;services;health;course;other;1;3;0;yes;yes;yes;yes;yes;no;4;4;2;2;2;3;9;13;13;14;3.31
GP;M;18;R;LE3;T;3;1;at_home;services;course;other;3;1;0;no;yes;yes;yes;yes;no;3;3;3;3;1;3;0;9;9;10;2.36
MS;M;17;U;GT3;A;3;2;services;services;course;mother;1;3;0;no;no;yes;yes;yes;no;4;3;3;1;1;4;5;12;12;14;3.01
GP;F;15;R;GT3;A;1;3;other;teacher;home;other;1;3;0;no;no;no;yes;yes;yes;4;4;3;2;3;3;6;15;15;16;3.76
GP;M;16;R;LE3;A;4;3;health;services;home;father;2;1;0;no;no;no;yes;yes;yes;4;3;2;1;1;1;0;9;9;9;2.24
GP;M;17;U;LE3;A;4;3;services;services;course;mother;2;3;1;no;no;no;yes;yes;yes;2;4;4;1;3;4;0;16;16;16;4.03
GP;F;19;U;LE3;A;3;1;health;other;course;father;2;1;1;yes;yes;no;yes;no;no;3;3;2;1;2;3;6;16;16;14;4.03
MS;M;15;U;LE3;A;3;3;other;services;home;other;3;2;0;no;no;no;no;no;no;4;4;4;1;3;1;5;14;14;15;3.62
GP;F;18;U;LE3;T;0;2;other;teacher;home;other;1;1;1;no;no;yes;yes;no;no;3;3;1;1;1;5;0;13;13;12;3.34
GP;F;19;R;GT3;A;4;2;teacher;health;course;father;2;2;2;yes;yes;yes;yes;yes;no;5;1;3;4;3;4;1;16;16;14;3.98
MS;F;15;U;GT3;T;4;3;teacher;at_home;course;mother;1;2;1;no;no;yes;yes;yes;no;4;4;2;1;2;3;13;13;13;11;3.27
MS;M;16;U;GT3;A;1;1;at_home;teacher;course;other;4;3;0;no;no;no;yes;yes;no;4;3;3;2;2;2;7;14;14;15;3.48
MS;M;22;U;GT3;T;1;3;health;teacher;course;father;1;2;0;no;yes;no;yes;yes;no;3;4;3;2;2;3;1;18;18;18;4.4
MS;M;17;U;GT3;A;3;2;teacher;other;reputation;father;2;1;0;no;yes;no;yes;yes;no;4;3;3;2;3;5;10;13;13;13;3.32
MS;M;21;U;GT3;A;3;2;health;health;reputation;other;3;2;0;yes;no;no;yes;yes;yes;4;2;3;1;2;2;5;14;14;15;3.46
GP;M;16;R;GT3;A;2;4;teacher;at_home;reputation;other;2;1;0;no;yes;yes;no;no;no;4;4;3;5;3;3;6;6;6;6;1.56
MS;M;15;U;GT3;T;3;3;services;teacher;reputation;other;2;2;0;yes;no;yes;yes;yes;no;4;3;4;2;3;4;0;16;16;17;4.08
MS;F;18;R;GT3;T;4;3;health;health;course;father;3;2;0;yes;no;no;yes;yes;yes;4;1;4;1;1;4;10;12;12;12;2.91
MS;M;19;R;GT3;T;0;1;teacher;services;home;father;1;2;1;no;yes;yes;yes;yes;no;5;5;3;1;2;4;0;12;12;11;3.03
GP;F;15;U;LE3;A;3;3;other;other;home;mother;1;1;0;no;yes;no;yes;yes;yes;4;5;4;2;1;2;5;8;8;8;2.09
GP;M;15;R;LE3;A;2;3;teacher;at_home;home;mother;2;1;1;no;yes;yes;yes;yes;no;4;3;4;4;4;3;9;13;13;11;3.23
MS;F;18;R;LE3;A;2;0;services;other;course;father;2;2;1;no;yes;no;yes;yes;yes;3;3;3;2;2;5;3;12;12;11;2.92
GP;F;17;U;LE3;A;3;2;health;health;reputation;mother;3;4;0;no;yes;yes;yes;yes;no;3;4;4;4;2;1;1;14;14;15;3.38
MS;M;17;R;LE3;A;4;4;services;health;reputation;father;1;3;1;no;yes;yes;yes;no;yes;3;3;3;4;2;4;11;11;11;10;2.68
MS;F;17;U;GT3;A;3;1;teacher;teacher;home;other;1;3;0;no;no;yes;no;yes;no;4;2;4;3;2;3;11;14;14;15;3.41
MS;M;18;U;LE3;A;4;1;services;at_home;course;mother;1;1;0;no;no;yes;yes;yes;yes;4;2;2;1;1;4;0;13;13;14;3.24
MS;F;17;R;GT3;T;3;2;teacher;other;home;other;3;3;0;yes;yes;no;yes;yes;yes;2;5;3;1;2;4;3;11;11;13;2.78
MS;M;17;R;GT3;T;3;2;other;at_home;home;mother;1;3;0;no;no;yes;yes;no;yes;4;3;2;3;2;2;6;14;14;14;3.52
MS;M;18;R;GT3;T;2;1;health;health;reputation;mother;2;3;1;no;no;no;yes;no;yes;4;3;2;1;4;4;1;16;16;16;3.99
GP;M;16;U;LE3;T;4;1;teacher;at_home;course;other;2;2;2;no;no;no;yes;yes;no;3;3;3;3;2;2;0;9;9;8;2.36
MS;F;16;U;GT3;A;1;4;teacher;health;home;mother;2;3;0;no;yes;no;yes;no;yes;1;4;3;3;2;2;2;15;15;16;3.71
GP;M;18;R;LE3;A;1;2;at_home;services;reputation;other;1;1;0;no;yes;yes;yes;no;no;4;3;2;1;2;3;4;9;9;10;2.25
GP;F;17;R;GT3;A;0;2;health;services;course;other;2;3;1;no;yes;yes;yes;yes;no;4;2;5;1;1;3;8;15;15;15;3.86
MS;F;18;U;GT3;A;3;4;services;health;course;other;3;2;0;no;yes;yes;yes;yes;no;5;4;2;1;3;2;1;12;12;13;2.95
MS;F;17;R;LE3;A;3;3;services;at_home;course;father;2;4;0;no;no;no;no;no;no;3;5;3;1;2;4;13;14;14;15;3.39
MS;M;15;U;LE3;T;1;2;health;services;course;other;3;2;0;no;yes;no;no;yes;no;3;3;3;1;1;5;11;15;15;15;3.86
MS;F;21;R;GT3;T;3;3;services;teacher;home;father;2;4;0;no;no;no;yes;yes;yes;5;3;2;1;4;4;6;15;15;16;3.66
MS;M;16;R;LE3;T;4;3;health;at_home;home;other;1;4;0;no;no;yes;yes;no;yes;2;4;3;3;3;1;8;14;14;15;3.44
MS;F;15;U;GT3;A;3;2;health;other;home;mother;4;2;0;no;no;no;no;yes;yes;5;4;4;2;2;2;6;9;9;10;2.36
MS;M;22;R;LE3;A;4;3;services;teacher;course;father;2;3;0;no;no;yes;yes;yes;no;4;3;3;3;1;5;1;14;14;16;3.58
MS;F;17;U;LE3;T;0;1;teacher;services;home;father;3;3;3;no;yes;no;yes;yes;no;3;1;3;2;3;2;3;12;12;9;3.05
MS;M;17;R;LE3;A;4;1;services;other;course;other;3;3;3;no;yes;yes;yes;yes;no;3;4;2;1;1;3;3;12;12;9;2.99
MS;M;15;R;LE3;T;4;1;teacher;teacher;course;other;3;3;0;no;no;no;yes;yes;no;3;4;5;1;3;3;1;11;11;12;2.83
GP;F;16;U;LE3;T;1;2;health;at_home;course;mother;1;2;0;no;no;no;yes;yes;yes;5;3;2;2;4;2;0;18;18;20;4.53
GP;F;19;R;LE3;T;4;4;services;health;course;other;1;2;0;no;no;yes;yes;yes;no;3;3;4;2;2;5;0;15;15;15;3.63
GP;F;22;R;LE3;T;1;4;services;teacher;course;father;2;1;1;no;yes;yes;yes;yes;no;5;3;3;3;1;3;7;16;16;15;4.06
GP;M;22;U;GT3;T;2;3;health;health;course;mother;3;1;1;no;yes;no;yes;yes;no;3;5;3;1;3;3;0;16;16;15;3.93
GP;M;16;R;LE3;A;3;2;at_home;teacher;course;father;1;1;1;no;yes;yes;yes;yes;yes;4;3;2;3;2;3;8;15;15;13;3.76
MS;M;15;R;LE3;T;3;1;at_home;teacher;course;mother;3;1;0;no;yes;no;no;yes;no;5;3;3;2;2;3;5;13;13;13;3.29
GP;F;21;U;LE3;A;4;1;health;at_home;home;father;1;3;0;no;no;yes;yes;yes;yes;2;4;4;1;1;3;1;13;13;14;3.17
MS;F;17;R;GT3;A;4;1;teacher;other;home;mother;3;3;0;no;no;yes;yes;yes;yes;4;4;3;2;1;4;11;11;11;12;2.83
GP;M;18;R;LE3;T;3;3;at_home;health;course;other;2;2;0;no;yes;no;yes;no;no;3;3;2;4;1;1;5;14;14;15;3.57
MS;M;20;R;GT3;T;2;3;at_home;at_home;reputation;father;3;4;1;no;yes;yes;yes;yes;no;5;2;2;5;3;4;9;13;13;13;3.32
MS;F;18;R;GT3;A;2;0;teacher;teacher;reputation;mother;4;3;1;no;no;no;yes;yes;yes;2;2;3;2;1;1;8;17;17;17;4.37
MS;M;18;U;LE3;A;1;4;services;health;reputation;father;1;2;0;no;yes;yes;no;yes;no;4;3;1;3;1;4;8;14;14;15;3.62
GP;M;16;R;GT3;T;2;4;health;teacher;course;mother;1;2;0;no;yes;no;yes;yes;yes;3;3;2;2;1;2;8;14;14;14;3.5
MS;F;18;U;GT3;A;4;3;health;health;reputation;other;2;1;0;no;no;no;yes;yes;no;4;3;4;4;4;3;6;17;17;16;4.27
MS;F;17;R;GT3;A;4;2;at_home;health;course;other;1;1;0;no;yes;no;yes;yes;yes;4;3;5;2;2;4;19;13;13;11;3.22
MS;M;19;R;GT3;T;3;4;at_home;teacher;course;mother;2;3;2;no;yes;no;no;yes;no;4;3;5;1;1;3;6;11;11;8;2.65
GP;M;17;U;LE3;T;4;3;teacher;services;home;father;3;3;0;no;no;no;yes;yes;yes;5;3;3;1;1;4;7;13;13;13;3.17
MS;F;20;U;LE3;T;3;4;at_home;teacher;home;mother;3;2;2;no;no;yes;yes;yes;no;3;5;2;1;1;3;12;15;15;12;3.69
MS;M;17;U;LE3;A;3;3;services;teacher;reputation;other;4;2;0;no;no;no;yes;yes;yes;3;3;3;2;2;5;9;15;15;16;3.73
GP;F;16;U;LE3;T;3;3;other;teacher;reputation;father;1;4;4;no;no;no;yes;yes;no;5;3;5;1;1;3;1;15;15;12;3.7
MS;M;15;U;LE3;T;2;3;health;teacher;home;father;1;2;0;yes;yes;yes;yes;yes;yes;4;3;2;5;2;3;4;9;9;10;2.31
GP;M;18;R;LE3;T;4;0;teacher;teacher;reputation;father;2;1;0;no;yes;yes;yes;no;no;4;2;4;3;2;4;9;8;8;8;1.98
GP;M;17;U;GT3;T;4;3;health;at_home;course;other;1;2;0;no;no;yes;yes;yes;no;4;5;2;2;4;4;6;14;14;14;3.43
GP;F;20;R;LE3;A;2;1;services;at_home;reputation;other;3;2;1;no;no;yes;yes;yes;no;3;4;3;1;1;5;5;14;14;12;3.38
MS;F;17;U;LE3;A;2;2;at_home;health;reputation;father;1;2;0;no;yes;no;yes;no;yes;3;5;3;2;2;4;10;16;16;16;3.96
GP;M;16;R;GT3;A;3;1;health;health;course;father;3;1;0;no;no;yes;no;yes;no;3;4;3;1;5;3;2;14;14;14;3.55
GP;F;15;U;GT3;A;0;2;services;other;reputation;other;3;1;1;no;yes;no;no;yes;yes;3;5;3;1;1;4;4;10;10;9;2.61
MS;M;17;R;GT3;T;4;3;services;health;reputation;mother;2;2;1;no;yes;yes;yes;yes;yes;3;2;3;2;4;3;12;11;11;10;2.72
MS;M;18;R;GT3;T;2;4;services;services;home;mother;1;2;0;no;yes;no;yes;yes;no;3;5;3;5;2;2;0;13;13;13;3.26
MS;M;15;R;GT3;T;1;2;at_home;services;reputation;mother;1;4;0;no;yes;yes;no;yes;no;4;2;2;1;1;3;10;16;16;18;4.09
GP;F;17;R;LE3;A;2;3;at_home;health;course;mother;3;1;1;yes;no;yes;yes;yes;yes;4;4;2;1;4;3;0;15;15;14;3.86
MS;F;18;U;GT3;T;1;4;teacher;health;course;mother;1;2;0;no;no;yes;yes;yes;yes;5;5;3;1;1;3;5;17;17;18;4.3
MS;F;18;U;GT3;A;2;1;teacher;at_home;course;other;2;3;1;no;no;yes;yes;yes;yes;3;3;3;1;1;3;3;13;13;13;3.28
MS;M;20;U;LE3;A;1;0;health;at_home;course;father;2;3;0;no;no;yes;yes;no;no;4;2;3;3;3;2;4;8;8;9;1.88
GP;M;21;U;GT3;T;3;1;health;at_home;course;father;1;2;0;no;no;no;no;yes;yes;5;4;4;3;1;3;12;12;12;13;3.07
MS;F;18;U;GT3;T;2;0;health;health;home;father;2;1;4;no;yes;no;yes;no;yes;5;5;2;1;3;5;9;16;16;9;3.9
GP;M;19;R;GT3;T;3;4;teacher;services;reputation;mother;2;2;0;no;no;yes;yes;yes;no;1;4;1;1;3;5;8;13;13;14;3.37
MS;M;17;R;GT3;A;3;2;at_home;other;course;mother;3;4;0;no;no;yes;yes;no;yes;3;4;4;2;2;3;3;10;10;12;2.44
GP;M;15;R;GT3;T;3;3;services;services;course;father;2;3;1;yes;no;yes;yes;yes;yes;2;2;3;3;1;2;4;20;20;19;4.93
GP;M;16;U;LE3;T;3;3;teacher;services;home;mother;1;3;0;no;yes;no;yes;no;yes;4;3;5;3;3;4;9;13;13;14;3.26
GP;F;17;R;GT3;T;2;4;at_home;other;course;father;3;2;0;no;no;no;yes;yes;yes;4;3;3;1;2;3;0;16;16;16;3.9
GP;M;18;U;LE3;A;2;4;teacher;other;home;father;1;3;0;no;no;no;yes;yes;yes;5;3;3;2;1;2;8;14;14;15;3.58
GP;F;17;U;GT3;T;2;1;health;services;course;other;3;2;0;no;yes;no;yes;yes;no;5;2;3;1;2;2;7;13;13;13;3.26
GP;M;15;U;GT3;A;4;4;at_home;at_home;course;mother;3;1;0;no;yes;no;yes;yes;yes;1;3;3;1;3;5;6;14;14;14;3.62
MS;M;16;U;LE3;A;0;1;other;other;home;father;3;1;1;no;yes;no;yes;no;no;4;2;1;2;2;2;8;13;13;11;3.29
GP;F;17;R;LE3;A;4;4;at_home;teacher;reputation;mother;3;3;0;yes;no;yes;yes;no;yes;3;3;4;2;2;3;7;16;16;18;4.04
GP;F;17;U;LE3;T;1;3;teacher;services;reputation;father;1;2;1;no;no;yes;yes;no;no;3;5;3;4;2;3;4;12;12;11;3.02
GP;F;22;R;GT3;A;4;3;other;other;home;father;3;4;1;no;no;no;yes;yes;yes;5;2;3;2;2;3;9;11;11;10;2.68
MS;M;18;R;LE3;T;3;2;services;health;home;other;3;2;0;no;no;no;yes;yes;yes;3;2;4;1;2;4;3;11;11;12;2.74
MS;F;16;U;GT3;T;4;3;at_home;at_home;course;mother;2;2;0;no;no;no;yes;yes;no;3;3;1;1;1;5;0;16;16;16;4.0
MS;F;17;R;LE3;T;1;1;health;other;course;other;3;2;0;no;no;no;yes;yes;yes;5;4;2;1;2;4;5;16;16;16;3.93
GP;M;16;R;LE3;T;1;3;health;services;reputation;other;3;2;0;no;no;yes;yes;yes;no;4;3;2;4;1;4;7;18;18;18;4.54
MS;F;17;U;GT3;T;2;1;teacher;other;course;other;2;1;0;no;no;yes;yes;yes;yes;4;5;3;1;2;4;5;12;12;12;2.94
MS;M;15;R;GT3;A;2;2;health;services;reputation;father;2;2;2;yes;yes;no;yes;yes;yes;5;1;3;2;2;3;2;7;7;5;1.84
MS;F;21;U;LE3;A;4;3;services;health;course;mother;1;2;1;no;yes;yes;yes;yes;yes;5;4;1;1;3;4;7;11;11;10;2.74
MS;M;17;U;LE3;T;3;3;teacher;services;home;father;2;3;0;no;yes;yes;yes;no;yes;3;4;2;1;1;3;11;10;10;11;2.45
MS;F;15;R;GT3;A;2;1;other;at_home;course;other;2;2;0;no;no;no;yes;yes;no;4;4;2;1;3;4;0;15;15;15;3.68
GP;F;17;R;LE3;T;3;2;teacher;health;reputation;father;2;2;0;no;no;yes;yes;yes;no;3;3;2;1;2;2;0;13;13;14;3.3
GP;F;16;U;GT3;A;2;1;health;services;course;mother;1;1;0;no;yes;no;yes;yes;yes;2;5;4;2;1;5;2;15;15;14;3.68
GP;M;17;R;GT3;A;3;3;services;health;home;mother;1;1;0;no;no;no;yes;yes;no;3;3;4;2;1;3;0;13;13;13;3.24
GP;M;19;R;LE3;A;2;0;teacher;teacher;course;father;3;2;0;no;no;yes;yes;yes;no;4;5;1;1;3;5;4;13;13;14;3.22
MS;F;19;R;LE3;A;4;4;services;teacher;home;other;1;2;0;no;yes;no;yes;no;yes;4;4;4;2;3;4;0;11;11;12;2.77
GP;F;20;R;LE3;A;3;1;services;teacher;reputation;mother;2;1;0;no;no;yes;yes;yes;no;4;5;1;1;1;3;6;8;8;9;2.12
GP;M;22;R;LE3;T;3;2;health;services;reputation;other;2;3;0;no;no;yes;yes;yes;yes;3;3;3;1;1;2;3;17;17;18;4.24
MS;M;18;U;GT3;A;0;4;health;other;home;father;2;2;0;no;no;yes;yes;yes;yes;5;5;2;2;3;1;0;8;8;9;2.0
GP;M;18;U;GT3;T;2;2;health;teacher;reputation;father;2;1;0;no;yes;no;yes;no;no;4;4;2;3;2;5;0;14;14;14;3.43
MS;F;19;R;GT3;A;2;1;health;services;course;other;2;2;0;yes;no;yes;yes;yes;yes;4;2;1;4;1;5;5;13;13;14;3.29
GP;M;18;R;LE3;T;0;3;health;services;course;other;3;4;0;no;no;no;yes;no;no;5;3;4;1;2;5;0;15;15;17;3.71
MS;F;17;R;LE3;A;4;4;other;health;reputation;father;1;2;0;no;yes;no;yes;yes;yes;5;4;1;3;2;4;0;10;10;10;2.43
MS;M;19;R;LE3;A;3;3;teacher;health;reputation;other;2;2;1;no;yes;no;yes;yes;yes;3;5;5;1;1;2;9;13;13;12;3.31
GP;M;17;U;LE3;T;0;2;health;teacher;reputation;mother;1;2;0;no;no;yes;yes;yes;no;2;2;3;4;3;2;0;13;13;14;3.35
GP;M;21;R;LE3;T;1;3;at_home;services;home;father;3;3;0;no;no;no;yes;yes;yes;2;4;5;3;2;4;2;14;14;15;3.38
GP;M;17;R;LE3;T;4;3;other;services;home;other;3;2;0;no;no;no;yes;no;no;4;5;4;2;3;2;0;12;12;13;3.01
MS;F;18;U;LE3;T;3;0;services;health;course;father;3;2;0;no;yes;no;yes;yes;no;4;2;4;2;2;2;1;14;14;14;3.39
MS;F;19;R;LE3;T;2;2;other;health;course;mother;1;1;0;no;no;no;yes;no;no;3;5;5;1;1;3;12;12;12;12;3.1
GP;M;18;U;LE3;A;4;3;teacher;at_home;reputation;father;2;2;0;no;no;no;yes;yes;yes;4;1;5;1;2;3;11;9;9;9;2.31
GP;F;19;U;GT3;T;3;3;teacher;at_home;home;other;2;3;0;yes;yes;yes;no;yes;no;4;4;2;2;4;2;6;5;5;6;1.19
GP;M;16;U;LE3;T;2;2;teacher;teacher;course;father;1;2;2;no;yes;yes;yes;yes;no;2;2;2;1;3;2;9;12;12;9;2.99
GP;M;18;U;GT3;A;4;3;health;health;reputation;father;3;3;1;no;no;no;yes;yes;yes;1;5;3;1;1;4;2;12;12;11;2.98
GP;F;17;R;GT3;A;2;2;health;at_home;home;father;3;1;0;no;yes;no;yes;yes;yes;3;3;4;1;1;4;7;8;8;8;2.0
MS;F;15;U;LE3;A;3;2;other;teacher;home;mother;1;4;0;yes;no;no;yes;yes;no;2;3;3;1;2;3;9;14;14;16;3.62
GP;F;16;R;LE3;A;0;1;other;teacher;course;mother;1;1;1;no;yes;yes;yes;no;yes;4;3;3;2;3;2;1;18;18;17;4.42
MS;M;17;U;GT3;T;2;0;other;teacher;home;father;3;2;1;no;yes;yes;yes;yes;yes;2;3;1;5;2;3;0;15;15;14;3.71
GP;M;21;U;LE3;A;3;2;health;health;home;mother;2;1;0;no;yes;yes;yes;yes;yes;5;3;1;3;4;5;5;9;9;9;2.17
MS;M;18;U;GT3;T;4;1;other;health;course;father;1;2;0;no;yes;no;yes;yes;yes;4;4;4;1;3;1;0;14;14;15;3.51
MS;F;17;U;GT3;A;1;2;services;services;course;mother;3;2;1;no;yes;no;yes;yes;yes;5;3;3;2;4;4;3;12;12;11;2.9
GP;M;17;U;LE3;T;2;2;other;other;course;mother;1;2;2;no;yes;no;no;yes;no;2;2;3;2;4;5;1;13;13;11;3.27
MS;F;15;U;LE3;T;3;1;teacher;teacher;course;mother;1;2;0;yes;yes;yes;yes;yes;yes;5;3;3;1;3;1;0;12;12;12;2.9
MS;F;19;U;LE3;T;1;1;other;other;course;father;1;4;1;no;yes;no;yes;yes;yes;4;5;3;1;3;2;0;11;11;11;2.72
GP;M;16;R;LE3;A;1;3;other;health;reputation;father;2;2;0;no;no;yes;yes;yes;no;4;4;2;1;1;3;6;11;11;11;2.71
GP;M;18;U;LE3;A;4;3;teacher;teacher;reputation;father;3;2;1;no;yes;no;yes;yes;yes;4;4;4;1;1;1;9;9;9;7;2.22
MS;F;17;R;LE3;T;2;3;health;at_home;course;mother;2;4;2;no;no;yes;yes;yes;yes;3;3;3;1;3;3;0;10;10;9;2.61
GP;F;19;U;LE3;T;1;4;at_home;at_home;reputation;father;3;2;0;no;no;yes;yes;yes;yes;3;3;4;4;3;3;0;13;13;13;3.18
GP;F;19;U;GT3;A;4;3;teacher;at_home;course;mother;3;2;4;yes;yes;no;yes;no;yes;3;1;4;5;2;2;0;12;12;7;3.02
GP;M;16;R;GT3;A;1;3;teacher;at_home;course;father;3;2;1;no;yes;yes;yes;yes;yes;4;3;3;2;1;4;18;17;17;15;4.32
MS;M;19;U;GT3;A;4;1;other;services;home;mother;1;1;0;no;yes;yes;yes;yes;yes;4;4;3;3;2;3;7;10;10;9;2.44
GP;F;16;R;GT3;A;4;3;at_home;teacher;home;father;3;2;0;yes;no;no;yes;yes;yes;3;2;4;2;1;2;0;12;12;13;2.98
GP;M;15;R;GT3;A;3;2;other;teacher;home;father;1;3;0;yes;no;no;yes;yes;yes;4;2;2;1;2;4;9;10;10;11;2.43
MS;F;17;U;LE3;T;2;3;services;other;home;other;4;1;0;no;yes;no;yes;yes;no;5;3;4;1;3;2;6;16;16;16;4.1
MS;F;17;U;LE3;A;2;2;services;other;home;father;3;3;0;no;no;yes;yes;yes;no;3;4;3;1;3;2;0;11;11;12;2.84
GP;F;18;U;GT3;T;4;3;health;health;home;mother;3;3;1;yes;yes;no;yes;no;no;4;2;4;2;3;4;1;12;12;11;2.94
GP;M;16;R;GT3;T;4;3;other;health;course;other;3;2;0;no;no;yes;yes;yes;yes;1;5;3;2;1;1;0;10;10;10;2.6
MS;F;17;R;GT3;T;4;4;health;teacher;course;father;3;3;0;no;yes;yes;yes;yes;yes;4;3;3;2;1;2;0;13;13;15;3.18
GP;M;19;R;GT3;A;4;3;teacher;teacher;home;father;2;2;1;no;yes;no;yes;yes;yes;4;3;4;1;1;2;0;19;19;18;4.66
GP;F;17;R;LE3;T;3;3;services;health;course;father;1;2;2;no;no;yes;yes;yes;no;1;4;4;1;2;5;13;14;14;10;3.51
GP;F;20;U;GT3;A;2;2;teacher;health;home;mother;2;1;0;no;yes;yes;yes;yes;yes;5;5;4;2;2;2;3;10;10;11;2.55
MS;M;18;R;LE3;A;4;2;at_home;other;course;father;2;3;0;yes;yes;no;yes;yes;yes;5;5;2;1;2;2;0;15;15;16;3.64
MS;F;17;U;LE3;A;2;4;at_home;other;home;mother;1;2;0;yes;yes;no;yes;yes;yes;4;3;3;1;4;4;2;17;17;17;4.18
GP;M;16;U;GT3;A;4;4;teacher;services;home;other;3;2;0;no;yes;no;yes;yes;no;3;3;4;2;5;4;0;9;9;10;2.13
GP;M;15;U;GT3;A;4;3;health;teacher;reputation;other;3;3;0;no;no;no;yes;yes;yes;4;2;4;1;4;5;0;15;15;16;3.76
MS;M;18;R;GT3;T;4;2;health;health;home;father;3;2;0;no;yes;no;no;yes;no;4;2;3;2;2;2;4;17;17;17;4.16
MS;M;19;R;LE3;T;4;3;other;at_home;reputation;father;2;3;2;no;yes;yes;yes;yes;yes;3;3;3;2;2;2;0;13;13;12;3.27
GP;F;17;U;GT3;T;4;2;other;services;course;other;1;2;0;no;yes;no;yes;yes;yes;4;5;3;2;2;1;0;16;16;16;4.05
MS;F;19;R;LE3;T;2;3;services;other;reputation;mother;2;3;0;no;yes;yes;yes;yes;no;4;5;2;1;2;4;0;8;8;10;2.09
MS;F;18;U;LE3;A;4;4;other;health;course;mother;1;1;0;no;no;no;yes;yes;yes;5;5;2;2;1;5;8;15;15;14;3.7
GP;M;16;U;GT3;A;2;4;health;teacher;home;other;3;2;3;no;no;no;yes;no;yes;4;4;4;1;2;3;0;12;12;9;3.04
GP;F;17;R;GT3;T;2;0;teacher;other;reputation;mother;2;3;0;yes;yes;no;yes;yes;no;3;3;4;1;1;2;5;15;15;16;3.78
MS;F;19;U;LE3;A;4;3;other;at_home;reputation;mother;4;1;2;no;no;yes;yes;yes;no;2;3;2;2;2;4;0;16;16;12;3.91
GP;F;19;U;LE3;A;3;2;services;teacher;home;mother;3;3;1;no;yes;no;yes;yes;yes;4;3;3;5;4;2;3;14;14;14;3.61
GP;M;16;R;GT3;A;4;2;other;other;course;father;2;1;0;no;no;yes;yes;yes;yes;5;1;3;3;3;5;2;12;12;11;2.89
GP;M;16;U;LE3;T;3;4;health;teacher;home;mother;2;4;0;yes;yes;yes;yes;yes;no;4;3;3;1;4;2;0;12;12;14;2.97
MS;F;16;R;GT3;T;3;0;at_home;health;course;mother;1;3;0;no;yes;yes;yes;yes;no;3;4;3;2;1;3;10;11;11;11;2.74
GP;M;16;R;LE3;T;2;3;health;other;course;other;1;1;0;no;no;yes;yes;yes;yes;5;3;3;2;5;2;10;10;10;9;2.45
MS;F;17;R;LE3;T;4;3;at_home;services;home;mother;2;3;0;no;no;yes;yes;yes;no;4;3;4;1;1;4;0;10;10;11;2.52
MS;M;18;U;GT3;A;3;4;health;other;course;other;1;2;0;yes;yes;no;yes;yes;yes;5;3;2;2;4;4;10;9;9;9;2.33
GP;F;17;R;LE3;T;4;3;other;at_home;home;mother;1;1;2;no;no;no;yes;yes;no;4;5;4;1;4;4;6;10;10;7;2.62
MS;M;18;U;GT3;T;2;2;at_home;services;course;other;2;1;1;no;yes;no;yes;no;yes;3;3;5;1;1;3;2;12;12;11;3.04
GP;M;17;U;LE3;A;4;3;at_home;teacher;home;mother;1;4;0;yes;yes;yes;no;yes;no;2;5;5;1;3;3;12;15;15;16;3.83
MS;M;16;U;GT3;T;1;2;teacher;teacher;reputation;mother;3;3;0;no;no;yes;yes;yes;yes;3;3;2;4;3;3;1;11;11;11;2.69
MS;M;18;R;LE3;T;4;4;health;at_home;home;mother;1;2;0;no;no;yes;yes;no;no;1;3;4;3;1;3;3;15;15;16;3.63
MS;M;18;U;LE3;A;3;2;teacher;at_home;reputation;other;1;2;0;no;yes;yes;yes;yes;yes;5;3;1;1;1;4;5;10;10;10;2.41
MS;F;20;R;GT3;T;1;2;services;at_home;course;other;3;3;2;no;no;yes;yes;yes;no;5;3;2;2;3;3;9;12;12;9;2.93
MS;M;16;U;GT3;A;2;4;services;teacher;reputation;mother;2;4;1;yes;yes;yes;yes;yes;yes;2;2;4;3;2;2;8;15;15;14;3.69
MS;F;15;R;GT3;T;3;3;at_home;health;home;other;1;3;1;yes;yes;yes;yes;yes;no;5;3;3;2;2;1;1;14;14;14;3.43
MS;F;17;R;GT3;A;1;2;health;teacher;reputation;other;1;2;0;yes;yes;yes;yes;yes;yes;3;4;4;1;1;3;8;16;16;15;3.99
GP;F;15;U;GT3;T;3;2;teacher;services;home;mother;1;1;0;yes;yes;no;yes;yes;no;3;4;2;2;3;3;11;13;13;12;3.21
GP;M;18;U;GT3;A;3;3;teacher;at_home;reputation;other;1;2;1;no;yes;yes;yes;yes;yes;4;2;3;1;1;5;0;18;18;18;4.53
GP;F;21;U;LE3;T;4;2;at_home;teacher;home;other;2;1;0;yes;yes;no;yes;no;no;4;3;4;1;2;3;2;10;10;10;2.52
MS;M;15;U;GT3;A;1;4;services;other;home;mother;3;4;1;no;no;no;yes;yes;no;3;4;3;2;3;5;8;20;20;20;5.0
MS;M;16;U;LE3;A;3;3;other;services;home;other;2;1;2;no;yes;yes;yes;yes;no;4;4;4;1;1;3;20;12;12;8;3.1
GP;M;17;R;GT3;T;3;2;services;at_home;reputation;mother;3;4;1;no;no;yes;yes;yes;no;4;4;4;1;1;4;3;19;19;19;4.74
MS;M;17;R;GT3;T;1;3;teacher;other;course;mother;1;3;0;yes;no;yes;yes;yes;yes;3;3;1;1;1;3;13;11;11;12;2.81
GP;F;19;U;LE3;A;3;4;teacher;health;home;father;2;1;0;no;yes;no;yes;yes;no;5;2;3;3;2;2;6;9;9;9;2.29
MS;M;18;R;GT3;T;1;1;at_home;at_home;course;mother;3;4;1;no;yes;yes;yes;no;no;4;3;3;4;2;3;1;16;16;17;4.05
GP;F;15;R;GT3;A;3;3;other;other;course;mother;2;2;0;yes;no;yes;yes;no;no;5;3;3;1;2;1;0;14;14;15;3.39
GP;F;22;U;LE3;A;2;2;teacher;at_home;course;other;1;2;0;yes;no;no;yes;yes;yes;5;2;4;3;1;3;0;8;8;9;2.0
GP;F;16;R;GT3;A;2;1;other;other;reputation;father;2;4;0;yes;yes;yes;yes;yes;no;4;4;3;1;2;4;18;15;15;16;3.82
MS;F;19;R;GT3;T;4;2;health;at_home;reputation;other;1;1;0;no;yes;yes;yes;yes;no;4;3;2;1;4;3;6;11;11;11;2.72
GP;F;17;U;GT3;T;3;3;teacher;teacher;home;father;2;2;0;no;yes;yes;no;yes;yes;5;4;3;1;4;5;5;12;12;12;2.97
MS;F;15;U;GT3;A;2;4;health;at_home;reputation;mother;2;2;0;no;no;no;no;yes;yes;2;3;4;3;5;3;12;12;12;12;3.07
MS;M;17;R;LE3;T;1;1;other;health;course;father;3;1;0;no;no;no;yes;yes;no;4;5;3;3;1;2;2;14;14;14;3.48
GP;F;18;R;GT3;T;0;3;health;services;course;other;2;2;0;no;yes;yes;yes;yes;no;2;4;3;1;4;4;3;16;16;16;3.93
GP;M;19;R;LE3;A;1;1;other;other;home;father;2;3;1;no;yes;no;no;yes;no;5;2;4;3;2;3;0;13;13;14;3.27
MS;F;16;R;LE3;T;4;4;other;services;course;mother;2;1;1;no;yes;no;yes;yes;no;4;4;3;2;2;4;12;9;9;8;2.21
MS;M;18;U;GT3;A;3;3;at_home;other;course;mother;3;1;1;yes;yes;yes;yes;yes;no;5;3;3;2;1;4;0;14;14;13;3.6
GP;M;17;R;LE3;A;4;3;health;other;home;mother;2;2;4;yes;yes;yes;yes;yes;yes;4;3;2;4;3;5;6;18;18;13;4.57
MS;F;18;U;LE3;T;1;1;services;health;reputation;father;3;3;0;no;no;yes;yes;yes;yes;5;5;3;1;3;1;15;8;8;9;2.12
GP;M;19;U;LE3;T;4;1;at_home;at_home;home;mother;2;2;0;no;no;no;yes;yes;no;4;4;2;1;2;4;12;11;11;11;2.86
GP;F;16;U;GT3;A;4;3;teacher;at_home;course;other;1;2;0;no;no;yes;no;yes;yes;4;1;3;1;5;1;0;14;14;15;3.56
GP;F;17;R;LE3;A;3;0;teacher;services;course;father;1;3;0;no;no;no;yes;yes;yes;2;4;3;2;2;3;5;10;10;11;2.56
GP;F;16;U;LE3;A;3;4;services;services;course;father;4;1;0;no;yes;no;yes;yes;no;5;4;3;1;4;3;3;20;20;20;5.0
MS;F;16;U;GT3;T;3;2;services;services;reputation;mother;1;1;0;yes;no;yes;yes;yes;no;2;4;3;2;3;3;4;10;10;10;2.49
MS;F;18;R;LE3;A;2;4;health;health;home;father;3;1;0;no;no;yes;yes;no;yes;1;3;5;2;1;3;11;14;14;14;3.51
MS;M;15;R;LE3;T;3;4;services;other;course;other;3;2;0;no;yes;yes;no;yes;yes;4;3;2;2;4;3;14;9;9;10;2.35
GP;M;19;U;LE3;A;1;2;teacher;at_home;course;father;2;1;0;no;yes;no;no;yes;no;5;1;3;5;3;2;2;8;8;9;2.09
MS;M;17;R;LE3;T;2;3;at_home;health;reputation;other;1;4;0;no;yes;yes;yes;yes;yes;3;3;3;1;3;4;11;15;15;16;3.73
GP;F;20;U;GT3;A;2;0;other;at_home;home;other;2;2;0;no;yes;no;yes;yes;yes;3;4;3;1;2;3;8;13;13;15;3.37
MS;M;16;R;GT3;A;4;4;other;services;reputation;mother;2;3;3;no;no;no;yes;yes;yes;3;3;2;1;4;3;11;12;12;8;2.95
MS;M;15;U;LE3;A;2;1;services;at_home;course;father;1;3;0;no;yes;no;yes;yes;yes;3;4;3;3;1;3;7;14;14;15;3.58
MS;M;17;U;GT3;T;3;2;services;health;course;mother;3;2;0;no;no;yes;no;no;no;5;5;4;2;5;5;9;12;12;12;3.0
GP;M;18;U;GT3;A;2;4;other;health;reputation;other;1;2;0;yes;yes;no;yes;yes;yes;5;1;3;1;2;3;4;9;9;9;2.34
GP;F;16;R;LE3;T;2;1;services;at_home;home;mother;1;1;3;yes;no;yes;yes;yes;yes;3;4;4;1;1;4;5;14;14;9;3.51
GP;F;18;R;GT3;T;3;2;teacher;teacher;reputation;father;2;2;1;yes;yes;no;yes;yes;no;2;3;3;2;3;5;3;12;12;10;2.94
MS;F;18;U;LE3;T;2;1;teacher;other;home;other;3;2;0;no;no;yes;no;yes;yes;3;2;2;3;1;2;6;12;12;13;3.06
MS;F;16;R;GT3;T;2;0;teacher;health;course;other;2;3;2;yes;no;yes;no;no;no;4;3;2;1;1;3;13;10;10;7;2.53
MS;M;15;U;LE3;T;1;0;health;at_home;course;mother;1;4;1;yes;yes;yes;yes;yes;yes;5;3;1;1;2;5;5;17;17;17;4.34
MS;F;15;U;LE3;A;2;4;other;other;home;other;1;3;2;no;no;no;yes;yes;yes;4;3;3;2;2;3;5;11;11;9;2.78
MS;M;22;U;LE3;T;3;3;other;health;course;father;2;3;0;no;yes;yes;yes;yes;yes;3;5;4;4;2;5;6;12;12;14;3.1
GP;M;18;U;LE3;T;3;1;teacher;services;course;other;1;2;0;no;yes;yes;yes;yes;yes;3;3;5;1;1;3;12;13;13;13;3.33
GP;F;19;R;GT3;A;3;2;at_home;other;home;other;2;3;1;no;yes;yes;yes;yes;yes;1;3;2;3;1;2;13;17;17;16;4.32
GP;F;16;U;GT3;A;3;3;health;health;course;mother;3;4;1;no;yes;yes;no;yes;yes;5;5;3;5;1;2;13;14;14;13;3.46
MS;F;19;R;LE3;A;2;0;at_home;at_home;home;other;1;1;0;yes;yes;yes;yes;no;yes;5;3;2;1;5;5;0;16;16;17;4.11
MS;F;18;U;LE3;T;3;2;other;at_home;course;other;2;2;0;no;no;yes;yes;yes;yes;3;5;2;3;2;3;6;17;17;17;4.3
GP;M;20;U;GT3;T;3;3;teacher;health;home;mother;2;4;0;no;no;no;no;no;no;3;3;3;2;3;3;2;9;9;11;2.3
MS;M;16;R;LE3;A;2;2;services;other;reputation;father;2;3;0;no;no;yes;yes;yes;yes;4;3;4;4;2;3;0;14;14;14;3.51
MS;F;15;R;GT3;T;2;4;teacher;health;home;father;3;1;1;no;no;no;yes;yes;yes;1;4;2;1;4;1;7;15;15;14;3.81
MS;M;17;U;GT3;A;2;3;health;at_home;home;mother;4;2;0;no;yes;no;yes;yes;yes;2;2;4;3;1;2;0;17;17;18;4.2
MS;F;16;R;GT3;T;3;3;teacher;at_home;home;other;4;1;0;no;yes;yes;no;yes;no;2;2;3;1;2;5;15;11;11;11;2.82
GP;F;15;U;LE3;A;4;4;services;other;course;mother;1;3;0;no;yes;yes;yes;yes;no;4;2;5;2;2;2;1;14;14;14;3.39
GP;M;18;U;LE3;A;4;1;other;services;reputation;other;1;1;2;no;no;yes;yes;no;yes;2;5;4;1;1;4;3;15;15;14;3.87
MS;M;15;U;LE3;T;4;0;services;services;reputation;other;2;2;0;no;yes;no;no;yes;no;4;5;4;1;1;3;14;16;16;16;3.93
MS;M;19;U;GT3;T;2;1;services;other;home;other;2;2;0;no;yes;no;yes;yes;yes;1;2;3;5;1;3;0;13;13;13;3.21
GP;M;21;U;LE3;A;4;2;services;health;reputation;other;4;3;2;no;yes;yes;no;yes;yes;4;3;2;2;1;4;6;20;20;18;5.0
MS;F;18;U;LE3;T;1;4;at_home;services;home;other;3;2;4;no;yes;no;yes;yes;no;3;3;4;2;4;4;0;17;17;12;4.21
MS;M;16;U;LE3;A;1;4;teacher;at_home;course;father;1;1;0;no;no;no;yes;yes;no;4;4;3;2;1;4;4;11;11;11;2.64
MS;M;16;U;LE3;T;2;0;services;teacher;home;other;1;4;0;no;no;yes;yes;yes;no;3;2;2;2;2;3;13;16;16;17;3.91
MS;F;17;R;GT3;T;3;3;health;other;course;other;1;2;3;no;yes;no;yes;no;yes;4;5;2;1;2;1;5;13;13;9;3.37
MS;F;16;U;LE3;T;3;2;health;at_home;course;father;2;2;0;no;no;yes;yes;yes;no;3;1;3;1;1;4;12;14;14;14;3.46
GP;M;16;R;GT3;A;3;2;other;health;reputation;father;1;2;0;no;no;no;yes;no;yes;5;3;3;1;1;3;13;12;12;13;3.1
MS;F;16;R;GT3;A;3;2;at_home;health;reputation;father;3;2;0;no;no;yes;yes;yes;yes;3;3;1;1;2;3;10;14;14;13;3.51
MS;M;16;U;LE3;T;2;1;teacher;other;reputation;other;2;1;0;no;no;no;yes;yes;yes;3;5;2;4;2;5;3;17;17;17;4.35
MS;M;15;R;GT3;A;4;3;services;at_home;course;mother;3;2;0;no;yes;yes;yes;no;yes;3;4;2;1;1;4;5;10;10;10;2.46
MS;F;15;R;LE3;A;2;0;other;services;course;other;3;2;0;no;yes;yes;yes;yes;no;5;4;3;1;2;3;16;13;13;12;3.22
GP;M;20;U;LE3;A;4;0;at_home;services;home;father;2;2;0;yes;yes;no;yes;yes;yes;3;3;1;2;2;4;5;14;14;15;3.56
MS;M;18;U;LE3;A;2;3;at_home;services;home;father;1;3;1;yes;yes;no;yes;yes;no;4;5;5;2;3;3;10;17;17;17;4.18
GP;M;16;U;LE3;T;2;2;health;services;reputation;other;4;1;0;no;yes;yes;no;yes;yes;3;3;4;2;4;3;0;12;12;12;3.02
MS;M;17;U;LE3;A;4;1;services;health;home;mother;3;1;0;no;yes;no;yes;yes;yes;2;1;4;2;3;2;11;10;10;9;2.4
GP;M;18;R;LE3;A;3;3;teacher;at_home;course;father;3;2;1;yes;no;no;no;yes;no;5;3;4;1;1;2;0;13;13;13;3.34
MS;M;18;R;LE3;A;3;4;other;teacher;home;mother;1;3;0;no;yes;no;yes;yes;no;4;2;2;3;2;3;10;14;14;15;3.5
MS;F;17;U;LE3;A;2;3;teacher;at_home;reputation;other;1;2;2;yes;yes;yes;yes;yes;yes;4;2;2;2;2;4;4;17;17;14;4.13
GP;F;16;R;LE3;T;2;3;teacher;at_home;home;father;2;2;0;yes;no;yes;yes;yes;no;4;5;5;2;4;2;4;12;12;12;2.89
GP;F;15;R;GT3;T;4;1;other;services;home;other;2;1;0;no;no;no;no;no;yes;3;3;3;1;4;4;4;9;9;8;2.23
GP;M;17;U;LE3;A;2;3;other;health;home;other;1;1;0;no;yes;no;yes;no;no;3;2;3;1;1;5;7;15;15;15;3.79
MS;M;18;R;GT3;T;4;4;other;services;home;mother;1;3;1;no;yes;yes;yes;yes;yes;4;3;4;1;2;3;5;15;15;14;3.69
GP;F;17;U;GT3;A;3;3;other;at_home;reputation;father;3;1;0;yes;yes;no;yes;no;yes;5;2;4;2;1;3;4;12;12;13;3.01
MS;F;16;R;GT3;A;3;2;teacher;other;reputation;other;1;2;1;no;no;no;yes;yes;yes;4;3;3;1;2;4;0;19;19;18;4.64
GP;M;17;R;GT3;T;1;1;at_home;other;course;other;4;4;0;no;no;yes;yes;yes;yes;3;3;5;1;3;4;13;7;7;8;1.86
MS;M;17;R;LE3;A;3;2;health;other;home;other;2;1;0;yes;no;yes;yes;yes;yes;3;2;2;2;3;2;4;13;13;13;3.16
MS;M;19;U;GT3;A;4;4;teacher;other;reputation;other;1;2;0;no;no;yes;yes;yes;yes;4;3;2;1;2;4;7;15;15;15;3.78
GP;F;16;R;LE3;A;2;1;at_home;at_home;reputation;mother;2;2;0;no;no;yes;yes;no;no;3;4;4;2;1;1;1;18;18;19;4.44
GP;F;18;R;GT3;T;4;1;teacher;health;course;father;2;2;0;yes;no;no;no;yes;no;5;5;2;3;1;5;1;11;11;12;2.74
GP;F;18;R;GT3;T;4;3;other;at_home;reputation;other;4;2;0;no;no;yes;yes;yes;yes;4;3;3;2;5;3;6;12;12;13;2.96
MS;M;21;R;GT3;T;4;3;services;at_home;course;other;1;2;0;no;no;no;yes;yes;yes;4;5;3;1;3;1;0;15;15;16;3.63
GP;M;21;U;GT3;A;4;2;services;other;home;mother;1;2;0;no;yes;yes;yes;yes;yes;4;5;1;2;2;1;9;14;14;14;3.4
GP;M;17;U;GT3;A;2;2;at_home;teacher;course;other;2;3;0;no;yes;yes;no;no;yes;4;5;1;1;4;3;6;13;13;14;3.22
GP;M;18;U;LE3;A;4;4;services;teacher;home;mother;1;2;1;no;no;yes;no;yes;no;5;4;5;2;4;3;8;14;14;13;3.61
MS;F;19;R;LE3;A;4;1;at_home;health;home;mother;1;2;0;no;yes;no;yes;no;no;3;2;5;1;2;5;4;15;15;16;3.73
MS;M;19;U;GT3;A;2;4;services;health;home;mother;2;2;0;no;yes;yes;yes;yes;yes;5;3;2;1;1;2;2;18;18;18;4.49
MS;F;17;R;GT3;T;3;2;health;other;course;father;1;3;2;no;no;no;yes;no;yes;2;3;2;2;2;5;3;11;11;9;2.79
MS;M;17;R;GT3;A;3;2;teacher;at_home;home;father;2;2;0;yes;no;yes;yes;no;yes;2;2;3;1;1;3;10;13;13;13;3.21
GP;F;17;U;LE3;A;2;4;health;at_home;course;father;1;2;0;no;no;no;yes;yes;no;4;2;2;1;1;1;0;12;12;12;2.94
MS;F;18;U;GT3;A;1;3;at_home;health;course;father;2;2;1;no;yes;yes;yes;no;no;3;3;4;1;1;3;11;16;16;15;4.05
